"LOCATION","INDICATOR","SUBJECT","MEASURE","FREQUENCY","TIME","Value","Flag Codes"
"AUS","PASSTRANSP","ROAD","MLN_PKM","A","1970",104205.83046731,
"AUS","PASSTRANSP","ROAD","MLN_PKM","A","1971",109610.49008518,
"AUS","PASSTRANSP","ROAD","MLN_PKM","A","1972",116154.53695009,
"AUS","PASSTRANSP","ROAD","MLN_PKM","A","1973",120294.99887945,
"AUS","PASSTRANSP","ROAD","MLN_PKM","A","1974",127762.51701502,
"AUS","PASSTRANSP","ROAD","MLN_PKM","A","1975",132701.62527863,
"AUS","PASSTRANSP","ROAD","MLN_PKM","A","1976",137556.26942019,
"AUS","PASSTRANSP","ROAD","MLN_PKM","A","1977",143460.2802942,
"AUS","PASSTRANSP","ROAD","MLN_PKM","A","1978",148114.95592607,
"AUS","PASSTRANSP","ROAD","MLN_PKM","A","1979",152116.71774131,
"AUS","PASSTRANSP","ROAD","MLN_PKM","A","1980",153095.84484969,
"AUS","PASSTRANSP","ROAD","MLN_PKM","A","1981",155857.78640102,
"AUS","PASSTRANSP","ROAD","MLN_PKM","A","1982",163510.5629075,
"AUS","PASSTRANSP","ROAD","MLN_PKM","A","1983",165265.41937986,
"AUS","PASSTRANSP","ROAD","MLN_PKM","A","1984",173548.69092661,
"AUS","PASSTRANSP","ROAD","MLN_PKM","A","1985",180955.28155487,
"AUS","PASSTRANSP","ROAD","MLN_PKM","A","1986",187053.9965115,
"AUS","PASSTRANSP","ROAD","MLN_PKM","A","1987",191812.31692943,
"AUS","PASSTRANSP","ROAD","MLN_PKM","A","1988",201488.69718472,
"AUS","PASSTRANSP","ROAD","MLN_PKM","A","1989",211273.22326528,
"AUS","PASSTRANSP","ROAD","MLN_PKM","A","1990",217782.78066323,
"AUS","PASSTRANSP","ROAD","MLN_PKM","A","1991",217525.22468236,
"AUS","PASSTRANSP","ROAD","MLN_PKM","A","1992",221074.0901979,
"AUS","PASSTRANSP","ROAD","MLN_PKM","A","1993",227315.24876517,
"AUS","PASSTRANSP","ROAD","MLN_PKM","A","1994",232453.46225845,
"AUS","PASSTRANSP","ROAD","MLN_PKM","A","1995",238963.52441397,
"AUS","PASSTRANSP","ROAD","MLN_PKM","A","1996",242623.35934663,
"AUS","PASSTRANSP","ROAD","MLN_PKM","A","1997",244099.16400897,
"AUS","PASSTRANSP","ROAD","MLN_PKM","A","1998",246473.88458019,
"AUS","PASSTRANSP","ROAD","MLN_PKM","A","1999",251909.8670868,
"AUS","PASSTRANSP","ROAD","MLN_PKM","A","2000",256800.81626319,
"AUS","PASSTRANSP","ROAD","MLN_PKM","A","2001",254423.55150096,
"AUS","PASSTRANSP","ROAD","MLN_PKM","A","2002",260515.12168066,
"AUS","PASSTRANSP","ROAD","MLN_PKM","A","2003",267138.42377927,
"AUS","PASSTRANSP","ROAD","MLN_PKM","A","2004",279132.16280033,
"AUS","PASSTRANSP","ROAD","MLN_PKM","A","2005",279904.66803909,
"AUS","PASSTRANSP","ROAD","MLN_PKM","A","2006",275485.19979078,
"AUS","PASSTRANSP","ROAD","MLN_PKM","A","2007",278975.22244898,
"AUS","PASSTRANSP","ROAD","MLN_PKM","A","2008",280777.91301449,
"AUS","PASSTRANSP","ROAD","MLN_PKM","A","2009",280001.31220137,
"AUS","PASSTRANSP","ROAD","MLN_PKM","A","2010",281717.09803395,
"AUS","PASSTRANSP","ROAD","MLN_PKM","A","2011",284570.70746956,
"AUS","PASSTRANSP","ROAD","MLN_PKM","A","2012",287258.44728209,
"AUS","PASSTRANSP","ROAD","MLN_PKM","A","2013",293035.13261264,
"AUS","PASSTRANSP","ROAD","MLN_PKM","A","2014",297589.77037617,
"AUS","PASSTRANSP","ROAD","MLN_PKM","A","2015",300781.96445697,
"AUS","PASSTRANSP","ROAD","MLN_PKM","A","2016",302478.20217269,
"AUS","PASSTRANSP","ROAD","MLN_PKM","A","2017",303655.13465229,
"AUS","PASSTRANSP","ROAD","MLN_PKM","A","2018",304707.07363096,
"AUS","PASSTRANSP","ROAD","MLN_PKM","A","2019",303545.76721484,
"AUS","PASSTRANSP","ROAD","MLN_PKM","A","2020",277592.02507965,
"AUS","PASSTRANSP","ROAD","MLN_PKM","A","2021",275308.57828349,
"AUS","PASSTRANSP","ROAD","MLN_PKM","A","2022",264245.2237274,"E"
"AUT","PASSTRANSP","ROAD","MLN_PKM","A","1970",34859,"E"
"AUT","PASSTRANSP","ROAD","MLN_PKM","A","1971",37739,"E"
"AUT","PASSTRANSP","ROAD","MLN_PKM","A","1972",41050,
"AUT","PASSTRANSP","ROAD","MLN_PKM","A","1973",42780,
"AUT","PASSTRANSP","ROAD","MLN_PKM","A","1974",44868,
"AUT","PASSTRANSP","ROAD","MLN_PKM","A","1975",46436,
"AUT","PASSTRANSP","ROAD","MLN_PKM","A","1976",48409,
"AUT","PASSTRANSP","ROAD","MLN_PKM","A","1977",50379,
"AUT","PASSTRANSP","ROAD","MLN_PKM","A","1978",52171,
"AUT","PASSTRANSP","ROAD","MLN_PKM","A","1979",53920,
"AUT","PASSTRANSP","ROAD","MLN_PKM","A","1980",55985,
"AUT","PASSTRANSP","ROAD","MLN_PKM","A","1981",57702,
"AUT","PASSTRANSP","ROAD","MLN_PKM","A","1982",59179,
"AUT","PASSTRANSP","ROAD","MLN_PKM","A","1983",60774,
"AUT","PASSTRANSP","ROAD","MLN_PKM","A","1984",62634,
"AUT","PASSTRANSP","ROAD","MLN_PKM","A","1985",63241,
"AUT","PASSTRANSP","ROAD","MLN_PKM","A","1986",64491,
"AUT","PASSTRANSP","ROAD","MLN_PKM","A","1987",66036,
"AUT","PASSTRANSP","ROAD","MLN_PKM","A","1988",66288,
"AUT","PASSTRANSP","ROAD","MLN_PKM","A","1989",67111,
"AUT","PASSTRANSP","ROAD","MLN_PKM","A","1990",67722,
"AUT","PASSTRANSP","ROAD","MLN_PKM","A","1991",68032,
"AUT","PASSTRANSP","ROAD","MLN_PKM","A","1992",68200,
"BEL","PASSTRANSP","ROAD","MLN_PKM","A","1970",58576,
"BEL","PASSTRANSP","ROAD","MLN_PKM","A","1971",59759,
"BEL","PASSTRANSP","ROAD","MLN_PKM","A","1972",62664,
"BEL","PASSTRANSP","ROAD","MLN_PKM","A","1973",64578,
"BEL","PASSTRANSP","ROAD","MLN_PKM","A","1974",66742,
"BEL","PASSTRANSP","ROAD","MLN_PKM","A","1975",67159,
"BEL","PASSTRANSP","ROAD","MLN_PKM","A","1976",69069,
"BEL","PASSTRANSP","ROAD","MLN_PKM","A","1977",72094,
"BEL","PASSTRANSP","ROAD","MLN_PKM","A","1978",73137,
"BEL","PASSTRANSP","ROAD","MLN_PKM","A","1979",75760,
"BEL","PASSTRANSP","ROAD","MLN_PKM","A","1980",74451,
"BEL","PASSTRANSP","ROAD","MLN_PKM","A","1981",75684,
"BEL","PASSTRANSP","ROAD","MLN_PKM","A","1982",75285,
"BEL","PASSTRANSP","ROAD","MLN_PKM","A","1983",75172,
"BEL","PASSTRANSP","ROAD","MLN_PKM","A","1984",75862,
"BEL","PASSTRANSP","ROAD","MLN_PKM","A","1985",76326,
"BEL","PASSTRANSP","ROAD","MLN_PKM","A","1986",77408,
"BEL","PASSTRANSP","ROAD","MLN_PKM","A","1987",80440,
"BEL","PASSTRANSP","ROAD","MLN_PKM","A","1988",83173,
"BEL","PASSTRANSP","ROAD","MLN_PKM","A","1989",86155,
"BEL","PASSTRANSP","ROAD","MLN_PKM","A","1990",92158,
"BEL","PASSTRANSP","ROAD","MLN_PKM","A","1991",93322,
"BEL","PASSTRANSP","ROAD","MLN_PKM","A","1992",94748,
"BEL","PASSTRANSP","ROAD","MLN_PKM","A","1993",98474,
"BEL","PASSTRANSP","ROAD","MLN_PKM","A","1994",101497,
"BEL","PASSTRANSP","ROAD","MLN_PKM","A","1995",104228,
"BEL","PASSTRANSP","ROAD","MLN_PKM","A","1996",104096,
"BEL","PASSTRANSP","ROAD","MLN_PKM","A","1997",107343,
"BEL","PASSTRANSP","ROAD","MLN_PKM","A","1998",112960,
"BEL","PASSTRANSP","ROAD","MLN_PKM","A","1999",116460,
"BEL","PASSTRANSP","ROAD","MLN_PKM","A","2000",119400,
"BEL","PASSTRANSP","ROAD","MLN_PKM","A","2001",121470,
"BEL","PASSTRANSP","ROAD","MLN_PKM","A","2002",123960,
"BEL","PASSTRANSP","ROAD","MLN_PKM","A","2003",124730,
"BEL","PASSTRANSP","ROAD","MLN_PKM","A","2004",126800,
"BEL","PASSTRANSP","ROAD","MLN_PKM","A","2005",126960,
"BEL","PASSTRANSP","ROAD","MLN_PKM","A","2006",127990,
"BEL","PASSTRANSP","ROAD","MLN_PKM","A","2007",130810,
"BEL","PASSTRANSP","ROAD","MLN_PKM","A","2008",130620,
"BEL","PASSTRANSP","ROAD","MLN_PKM","A","2009",131060,
"BEL","PASSTRANSP","ROAD","MLN_PKM","A","2010",126773,
"BEL","PASSTRANSP","ROAD","MLN_PKM","A","2011",127640,
"BEL","PASSTRANSP","ROAD","MLN_PKM","A","2012",128046,
"BEL","PASSTRANSP","ROAD","MLN_PKM","A","2013",121530,
"BEL","PASSTRANSP","ROAD","MLN_PKM","A","2014",123980,
"BEL","PASSTRANSP","ROAD","MLN_PKM","A","2015",122240,
"BEL","PASSTRANSP","ROAD","MLN_PKM","A","2016",119500,
"CAN","PASSTRANSP","ROAD","MLN_PKM","A","1995",497000,
"CAN","PASSTRANSP","ROAD","MLN_PKM","A","1996",498000,
"CAN","PASSTRANSP","ROAD","MLN_PKM","A","1997",499000,
"CAN","PASSTRANSP","ROAD","MLN_PKM","A","1998",500000,
"CAN","PASSTRANSP","ROAD","MLN_PKM","A","1999",501000,
"CAN","PASSTRANSP","ROAD","MLN_PKM","A","2000",502000,
"CAN","PASSTRANSP","ROAD","MLN_PKM","A","2001",481000,
"CAN","PASSTRANSP","ROAD","MLN_PKM","A","2002",493000,
"CAN","PASSTRANSP","ROAD","MLN_PKM","A","2003",485000,
"CAN","PASSTRANSP","ROAD","MLN_PKM","A","2004",488368,
"CAN","PASSTRANSP","ROAD","MLN_PKM","A","2005",512736,
"CAN","PASSTRANSP","ROAD","MLN_PKM","A","2006",510103,
"CAN","PASSTRANSP","ROAD","MLN_PKM","A","2007",503471,
"CZE","PASSTRANSP","ROAD","MLN_PKM","A","1993",65297,"E"
"CZE","PASSTRANSP","ROAD","MLN_PKM","A","1994",63233,"E"
"CZE","PASSTRANSP","ROAD","MLN_PKM","A","1995",65473,"E"
"CZE","PASSTRANSP","ROAD","MLN_PKM","A","1996",65875,"E"
"CZE","PASSTRANSP","ROAD","MLN_PKM","A","1997",65534,"E"
"CZE","PASSTRANSP","ROAD","MLN_PKM","A","1998",68461,"E"
"CZE","PASSTRANSP","ROAD","MLN_PKM","A","1999",71049,"E"
"CZE","PASSTRANSP","ROAD","MLN_PKM","A","2000",73291,"E"
"CZE","PASSTRANSP","ROAD","MLN_PKM","A","2001",74078,"E"
"CZE","PASSTRANSP","ROAD","MLN_PKM","A","2002",74958,"E"
"CZE","PASSTRANSP","ROAD","MLN_PKM","A","2003",76809,"E"
"CZE","PASSTRANSP","ROAD","MLN_PKM","A","2004",76086,"E"
"CZE","PASSTRANSP","ROAD","MLN_PKM","A","2005",77248,"E"
"CZE","PASSTRANSP","ROAD","MLN_PKM","A","2006",79131,"E"
"CZE","PASSTRANSP","ROAD","MLN_PKM","A","2007",81059,"E"
"CZE","PASSTRANSP","ROAD","MLN_PKM","A","2008",81749,"E"
"CZE","PASSTRANSP","ROAD","MLN_PKM","A","2009",81784,"E"
"CZE","PASSTRANSP","ROAD","MLN_PKM","A","2010",74386,
"CZE","PASSTRANSP","ROAD","MLN_PKM","A","2011",74757,"E"
"CZE","PASSTRANSP","ROAD","MLN_PKM","A","2012",73275,"E"
"CZE","PASSTRANSP","ROAD","MLN_PKM","A","2013",73676,"E"
"CZE","PASSTRANSP","ROAD","MLN_PKM","A","2014",76270,"E"
"CZE","PASSTRANSP","ROAD","MLN_PKM","A","2015",79700.9,"E"
"CZE","PASSTRANSP","ROAD","MLN_PKM","A","2016",82512.1,"E"
"CZE","PASSTRANSP","ROAD","MLN_PKM","A","2017",85504.8,"E"
"CZE","PASSTRANSP","ROAD","MLN_PKM","A","2018",88921.4,"E"
"CZE","PASSTRANSP","ROAD","MLN_PKM","A","2019",91726,"E"
"CZE","PASSTRANSP","ROAD","MLN_PKM","A","2020",74380,"E"
"CZE","PASSTRANSP","ROAD","MLN_PKM","A","2021",93335.1325,"E"
"CZE","PASSTRANSP","ROAD","MLN_PKM","A","2022",100471.5881,"E"
"DNK","PASSTRANSP","ROAD","MLN_PKM","A","1980",46934,
"DNK","PASSTRANSP","ROAD","MLN_PKM","A","1981",45887,
"DNK","PASSTRANSP","ROAD","MLN_PKM","A","1982",46415,
"DNK","PASSTRANSP","ROAD","MLN_PKM","A","1983",47729,
"DNK","PASSTRANSP","ROAD","MLN_PKM","A","1984",49972,
"DNK","PASSTRANSP","ROAD","MLN_PKM","A","1985",51773,
"DNK","PASSTRANSP","ROAD","MLN_PKM","A","1986",53859,
"DNK","PASSTRANSP","ROAD","MLN_PKM","A","1987",55960,
"DNK","PASSTRANSP","ROAD","MLN_PKM","A","1988",57751,
"DNK","PASSTRANSP","ROAD","MLN_PKM","A","1989",58607,
"DNK","PASSTRANSP","ROAD","MLN_PKM","A","1990",59003,
"DNK","PASSTRANSP","ROAD","MLN_PKM","A","1991",59621,
"DNK","PASSTRANSP","ROAD","MLN_PKM","A","1992",59949,
"DNK","PASSTRANSP","ROAD","MLN_PKM","A","1993",59728,
"DNK","PASSTRANSP","ROAD","MLN_PKM","A","1994",60111,
"DNK","PASSTRANSP","ROAD","MLN_PKM","A","1995",61292,
"DNK","PASSTRANSP","ROAD","MLN_PKM","A","1996",62544,
"DNK","PASSTRANSP","ROAD","MLN_PKM","A","1997",63378,
"DNK","PASSTRANSP","ROAD","MLN_PKM","A","1998",63942,
"DNK","PASSTRANSP","ROAD","MLN_PKM","A","1999",65010,
"DNK","PASSTRANSP","ROAD","MLN_PKM","A","2000",64194,
"DNK","PASSTRANSP","ROAD","MLN_PKM","A","2001",63386,
"DNK","PASSTRANSP","ROAD","MLN_PKM","A","2002",63473,
"DNK","PASSTRANSP","ROAD","MLN_PKM","A","2003",64016,
"DNK","PASSTRANSP","ROAD","MLN_PKM","A","2004",65452,
"DNK","PASSTRANSP","ROAD","MLN_PKM","A","2005",65517,
"DNK","PASSTRANSP","ROAD","MLN_PKM","A","2006",66191,
"DNK","PASSTRANSP","ROAD","MLN_PKM","A","2007",67815,
"DNK","PASSTRANSP","ROAD","MLN_PKM","A","2008",67791,
"DNK","PASSTRANSP","ROAD","MLN_PKM","A","2009",67236,
"DNK","PASSTRANSP","ROAD","MLN_PKM","A","2010",66612,
"DNK","PASSTRANSP","ROAD","MLN_PKM","A","2011",66612,
"DNK","PASSTRANSP","ROAD","MLN_PKM","A","2012",67039,
"DNK","PASSTRANSP","ROAD","MLN_PKM","A","2013",67551,
"DNK","PASSTRANSP","ROAD","MLN_PKM","A","2014",67026.550518915,
"DNK","PASSTRANSP","ROAD","MLN_PKM","A","2015",67544.075461366,
"DNK","PASSTRANSP","ROAD","MLN_PKM","A","2016",66544.317598197,
"FIN","PASSTRANSP","ROAD","MLN_PKM","A","1970",31200,
"FIN","PASSTRANSP","ROAD","MLN_PKM","A","1971",32400,
"FIN","PASSTRANSP","ROAD","MLN_PKM","A","1972",34100,
"FIN","PASSTRANSP","ROAD","MLN_PKM","A","1973",35800,
"FIN","PASSTRANSP","ROAD","MLN_PKM","A","1974",37500,
"FIN","PASSTRANSP","ROAD","MLN_PKM","A","1975",39200,
"FIN","PASSTRANSP","ROAD","MLN_PKM","A","1976",40100,
"FIN","PASSTRANSP","ROAD","MLN_PKM","A","1977",40400,
"FIN","PASSTRANSP","ROAD","MLN_PKM","A","1978",41100,
"FIN","PASSTRANSP","ROAD","MLN_PKM","A","1979",41800,
"FIN","PASSTRANSP","ROAD","MLN_PKM","A","1980",43300,
"FIN","PASSTRANSP","ROAD","MLN_PKM","A","1981",44400,
"FIN","PASSTRANSP","ROAD","MLN_PKM","A","1982",46000,
"FIN","PASSTRANSP","ROAD","MLN_PKM","A","1983",47900,
"FIN","PASSTRANSP","ROAD","MLN_PKM","A","1984",49800,
"FIN","PASSTRANSP","ROAD","MLN_PKM","A","1985",52300,
"FIN","PASSTRANSP","ROAD","MLN_PKM","A","1986",53700,
"FIN","PASSTRANSP","ROAD","MLN_PKM","A","1987",54600,
"FIN","PASSTRANSP","ROAD","MLN_PKM","A","1988",57100,
"FIN","PASSTRANSP","ROAD","MLN_PKM","A","1989",58400,
"FIN","PASSTRANSP","ROAD","MLN_PKM","A","1990",59700,
"FIN","PASSTRANSP","ROAD","MLN_PKM","A","1991",58700,
"FIN","PASSTRANSP","ROAD","MLN_PKM","A","1992",58500,
"FIN","PASSTRANSP","ROAD","MLN_PKM","A","1993",57700,
"FIN","PASSTRANSP","ROAD","MLN_PKM","A","1994",57600,
"FIN","PASSTRANSP","ROAD","MLN_PKM","A","1995",58000,
"FIN","PASSTRANSP","ROAD","MLN_PKM","A","1996",58400,
"FIN","PASSTRANSP","ROAD","MLN_PKM","A","1997",59900,
"FIN","PASSTRANSP","ROAD","MLN_PKM","A","1998",61100,
"FIN","PASSTRANSP","ROAD","MLN_PKM","A","1999",62500,
"FIN","PASSTRANSP","ROAD","MLN_PKM","A","2000",63400,
"FIN","PASSTRANSP","ROAD","MLN_PKM","A","2001",64700,
"FIN","PASSTRANSP","ROAD","MLN_PKM","A","2002",66000,
"FIN","PASSTRANSP","ROAD","MLN_PKM","A","2003",67260,
"FIN","PASSTRANSP","ROAD","MLN_PKM","A","2004",68545,
"FIN","PASSTRANSP","ROAD","MLN_PKM","A","2005",69450,
"FIN","PASSTRANSP","ROAD","MLN_PKM","A","2006",69995,
"FIN","PASSTRANSP","ROAD","MLN_PKM","A","2007",71325,
"FIN","PASSTRANSP","ROAD","MLN_PKM","A","2008",70940,
"FIN","PASSTRANSP","ROAD","MLN_PKM","A","2009",71870,
"FIN","PASSTRANSP","ROAD","MLN_PKM","A","2010",72285,
"FIN","PASSTRANSP","ROAD","MLN_PKM","A","2011",73030,
"FIN","PASSTRANSP","ROAD","MLN_PKM","A","2012",72810,
"FIN","PASSTRANSP","ROAD","MLN_PKM","A","2013",72655,
"FIN","PASSTRANSP","ROAD","MLN_PKM","A","2014",73060,
"FIN","PASSTRANSP","ROAD","MLN_PKM","A","2015",73835,
"FIN","PASSTRANSP","ROAD","MLN_PKM","A","2016",65262,"B"
"FIN","PASSTRANSP","ROAD","MLN_PKM","A","2017",74800,"B"
"FIN","PASSTRANSP","ROAD","MLN_PKM","A","2018",74800,
"FIN","PASSTRANSP","ROAD","MLN_PKM","A","2019",74700,
"FIN","PASSTRANSP","ROAD","MLN_PKM","A","2020",70900,
"FIN","PASSTRANSP","ROAD","MLN_PKM","A","2021",69600,
"FRA","PASSTRANSP","ROAD","MLN_PKM","A","1970",330200,
"FRA","PASSTRANSP","ROAD","MLN_PKM","A","1971",346100,
"FRA","PASSTRANSP","ROAD","MLN_PKM","A","1972",364400,
"FRA","PASSTRANSP","ROAD","MLN_PKM","A","1973",408700,
"FRA","PASSTRANSP","ROAD","MLN_PKM","A","1974",389500,
"FRA","PASSTRANSP","ROAD","MLN_PKM","A","1975",403900,
"FRA","PASSTRANSP","ROAD","MLN_PKM","A","1976",414400,
"FRA","PASSTRANSP","ROAD","MLN_PKM","A","1977",430700,
"FRA","PASSTRANSP","ROAD","MLN_PKM","A","1978",449600,
"FRA","PASSTRANSP","ROAD","MLN_PKM","A","1979",462500,
"FRA","PASSTRANSP","ROAD","MLN_PKM","A","1980",481541,
"FRA","PASSTRANSP","ROAD","MLN_PKM","A","1981",497232,
"FRA","PASSTRANSP","ROAD","MLN_PKM","A","1982",501833,
"FRA","PASSTRANSP","ROAD","MLN_PKM","A","1983",514581,
"FRA","PASSTRANSP","ROAD","MLN_PKM","A","1984",523780,
"FRA","PASSTRANSP","ROAD","MLN_PKM","A","1985",526563,
"FRA","PASSTRANSP","ROAD","MLN_PKM","A","1986",554527,
"FRA","PASSTRANSP","ROAD","MLN_PKM","A","1987",574923,
"FRA","PASSTRANSP","ROAD","MLN_PKM","A","1988",597815,
"FRA","PASSTRANSP","ROAD","MLN_PKM","A","1989",610582,
"FRA","PASSTRANSP","ROAD","MLN_PKM","A","1990",645150,"B"
"FRA","PASSTRANSP","ROAD","MLN_PKM","A","1991",652719,
"FRA","PASSTRANSP","ROAD","MLN_PKM","A","1992",667341,
"FRA","PASSTRANSP","ROAD","MLN_PKM","A","1993",673306,
"FRA","PASSTRANSP","ROAD","MLN_PKM","A","1994",682937,
"FRA","PASSTRANSP","ROAD","MLN_PKM","A","1995",694221,
"FRA","PASSTRANSP","ROAD","MLN_PKM","A","1996",697747,
"FRA","PASSTRANSP","ROAD","MLN_PKM","A","1997",709532,
"FRA","PASSTRANSP","ROAD","MLN_PKM","A","1998",729859,
"FRA","PASSTRANSP","ROAD","MLN_PKM","A","1999",746485,
"FRA","PASSTRANSP","ROAD","MLN_PKM","A","2000",747054,
"FRA","PASSTRANSP","ROAD","MLN_PKM","A","2001",770918,
"FRA","PASSTRANSP","ROAD","MLN_PKM","A","2002",777226,
"FRA","PASSTRANSP","ROAD","MLN_PKM","A","2003",779163,
"FRA","PASSTRANSP","ROAD","MLN_PKM","A","2004",777323,
"FRA","PASSTRANSP","ROAD","MLN_PKM","A","2005",767290,
"FRA","PASSTRANSP","ROAD","MLN_PKM","A","2006",765879,
"FRA","PASSTRANSP","ROAD","MLN_PKM","A","2007",771178,
"FRA","PASSTRANSP","ROAD","MLN_PKM","A","2008",756610,
"FRA","PASSTRANSP","ROAD","MLN_PKM","A","2009",757177,
"FRA","PASSTRANSP","ROAD","MLN_PKM","A","2010",763941,
"FRA","PASSTRANSP","ROAD","MLN_PKM","A","2011",764529,
"FRA","PASSTRANSP","ROAD","MLN_PKM","A","2012",856798,"B"
"FRA","PASSTRANSP","ROAD","MLN_PKM","A","2013",856407,
"FRA","PASSTRANSP","ROAD","MLN_PKM","A","2014",865196,
"FRA","PASSTRANSP","ROAD","MLN_PKM","A","2015",875828,
"FRA","PASSTRANSP","ROAD","MLN_PKM","A","2016",889305,
"FRA","PASSTRANSP","ROAD","MLN_PKM","A","2017",898661,
"FRA","PASSTRANSP","ROAD","MLN_PKM","A","2018",898610,
"FRA","PASSTRANSP","ROAD","MLN_PKM","A","2019",906342,
"FRA","PASSTRANSP","ROAD","MLN_PKM","A","2020",716575,
"FRA","PASSTRANSP","ROAD","MLN_PKM","A","2021",777509,
"FRA","PASSTRANSP","ROAD","MLN_PKM","A","2022",868382,
"DEU","PASSTRANSP","ROAD","MLN_PKM","A","1970",399200,
"DEU","PASSTRANSP","ROAD","MLN_PKM","A","1971",422500,
"DEU","PASSTRANSP","ROAD","MLN_PKM","A","1972",430000,
"DEU","PASSTRANSP","ROAD","MLN_PKM","A","1973",444200,
"DEU","PASSTRANSP","ROAD","MLN_PKM","A","1974",439100,
"DEU","PASSTRANSP","ROAD","MLN_PKM","A","1975",464100,
"DEU","PASSTRANSP","ROAD","MLN_PKM","A","1976",476300,
"DEU","PASSTRANSP","ROAD","MLN_PKM","A","1977",493000,
"DEU","PASSTRANSP","ROAD","MLN_PKM","A","1978",511300,
"DEU","PASSTRANSP","ROAD","MLN_PKM","A","1979",529200,
"DEU","PASSTRANSP","ROAD","MLN_PKM","A","1980",532100,
"DEU","PASSTRANSP","ROAD","MLN_PKM","A","1981",512900,
"DEU","PASSTRANSP","ROAD","MLN_PKM","A","1982",526500,
"DEU","PASSTRANSP","ROAD","MLN_PKM","A","1983",535600,
"DEU","PASSTRANSP","ROAD","MLN_PKM","A","1984",545800,
"DEU","PASSTRANSP","ROAD","MLN_PKM","A","1985",538300,
"DEU","PASSTRANSP","ROAD","MLN_PKM","A","1986",563800,
"DEU","PASSTRANSP","ROAD","MLN_PKM","A","1987",584300,
"DEU","PASSTRANSP","ROAD","MLN_PKM","A","1988",612600,
"DEU","PASSTRANSP","ROAD","MLN_PKM","A","1989",627800,
"DEU","PASSTRANSP","ROAD","MLN_PKM","A","1990",649800,
"DEU","PASSTRANSP","ROAD","MLN_PKM","A","1991",770200,"B"
"DEU","PASSTRANSP","ROAD","MLN_PKM","A","1992",789000,
"DEU","PASSTRANSP","ROAD","MLN_PKM","A","1993",799700,
"DEU","PASSTRANSP","ROAD","MLN_PKM","A","1994",875600,
"DEU","PASSTRANSP","ROAD","MLN_PKM","A","1995",883800,
"DEU","PASSTRANSP","ROAD","MLN_PKM","A","1996",884400,
"DEU","PASSTRANSP","ROAD","MLN_PKM","A","1997",885100,
"DEU","PASSTRANSP","ROAD","MLN_PKM","A","1998",895600,
"DEU","PASSTRANSP","ROAD","MLN_PKM","A","1999",916400,
"DEU","PASSTRANSP","ROAD","MLN_PKM","A","2000",900300,
"DEU","PASSTRANSP","ROAD","MLN_PKM","A","2001",921300,
"DEU","PASSTRANSP","ROAD","MLN_PKM","A","2002",930500,
"DEU","PASSTRANSP","ROAD","MLN_PKM","A","2003",925200,
"DEU","PASSTRANSP","ROAD","MLN_PKM","A","2004",951493,"B"
"DEU","PASSTRANSP","ROAD","MLN_PKM","A","2005",939389,
"DEU","PASSTRANSP","ROAD","MLN_PKM","A","2006",945052,
"DEU","PASSTRANSP","ROAD","MLN_PKM","A","2007",947807,
"DEU","PASSTRANSP","ROAD","MLN_PKM","A","2008",950882,
"DEU","PASSTRANSP","ROAD","MLN_PKM","A","2009",959694,
"DEU","PASSTRANSP","ROAD","MLN_PKM","A","2010",962892,
"DEU","PASSTRANSP","ROAD","MLN_PKM","A","2011",972357,
"DEU","PASSTRANSP","ROAD","MLN_PKM","A","2012",972319,
"DEU","PASSTRANSP","ROAD","MLN_PKM","A","2013",980246,
"DEU","PASSTRANSP","ROAD","MLN_PKM","A","2014",995190,
"DEU","PASSTRANSP","ROAD","MLN_PKM","A","2015",1008771,
"DEU","PASSTRANSP","ROAD","MLN_PKM","A","2016",1027755,
"DEU","PASSTRANSP","ROAD","MLN_PKM","A","2017",977430,
"DEU","PASSTRANSP","ROAD","MLN_PKM","A","2018",978702,
"DEU","PASSTRANSP","ROAD","MLN_PKM","A","2019",981452,
"DEU","PASSTRANSP","ROAD","MLN_PKM","A","2020",831141,
"DEU","PASSTRANSP","ROAD","MLN_PKM","A","2021",836625,"P"
"GRC","PASSTRANSP","ROAD","MLN_PKM","A","1974",9337,
"GRC","PASSTRANSP","ROAD","MLN_PKM","A","1975",10211,
"GRC","PASSTRANSP","ROAD","MLN_PKM","A","1976",11013,
"GRC","PASSTRANSP","ROAD","MLN_PKM","A","1977",12121,
"GRC","PASSTRANSP","ROAD","MLN_PKM","A","1982",16416,
"GRC","PASSTRANSP","ROAD","MLN_PKM","A","1983",16675,
"GRC","PASSTRANSP","ROAD","MLN_PKM","A","1984",17834,
"GRC","PASSTRANSP","ROAD","MLN_PKM","A","1985",19116,
"GRC","PASSTRANSP","ROAD","MLN_PKM","A","1986",19379,
"GRC","PASSTRANSP","ROAD","MLN_PKM","A","1987",19975,
"GRC","PASSTRANSP","ROAD","MLN_PKM","A","1988",21181,
"GRC","PASSTRANSP","ROAD","MLN_PKM","A","1989",22980,
"GRC","PASSTRANSP","ROAD","MLN_PKM","A","1990",24233,
"GRC","PASSTRANSP","ROAD","MLN_PKM","A","1991",24704,
"GRC","PASSTRANSP","ROAD","MLN_PKM","A","1992",25366,
"GRC","PASSTRANSP","ROAD","MLN_PKM","A","1993",26815,
"GRC","PASSTRANSP","ROAD","MLN_PKM","A","1994",29803,
"GRC","PASSTRANSP","ROAD","MLN_PKM","A","1995",31452,
"GRC","PASSTRANSP","ROAD","MLN_PKM","A","1996",34111,
"GRC","PASSTRANSP","ROAD","MLN_PKM","A","1997",35927,
"GRC","PASSTRANSP","ROAD","MLN_PKM","A","1998",37978,
"GRC","PASSTRANSP","ROAD","MLN_PKM","A","1999",39993,
"GRC","PASSTRANSP","ROAD","MLN_PKM","A","2000",40458,"E"
"GRC","PASSTRANSP","ROAD","MLN_PKM","A","2001",41083,"E"
"GRC","PASSTRANSP","ROAD","MLN_PKM","A","2002",41811,"E"
"GRC","PASSTRANSP","ROAD","MLN_PKM","A","2003",42029,"E"
"GRC","PASSTRANSP","ROAD","MLN_PKM","A","2004",42596,"E"
"GRC","PASSTRANSP","ROAD","MLN_PKM","A","2005",42484,"E"
"GRC","PASSTRANSP","ROAD","MLN_PKM","A","2006",42309,"E"
"GRC","PASSTRANSP","ROAD","MLN_PKM","A","2007",42577,"E"
"GRC","PASSTRANSP","ROAD","MLN_PKM","A","2008",42182,"E"
"HUN","PASSTRANSP","ROAD","MLN_PKM","A","1970",20816,
"HUN","PASSTRANSP","ROAD","MLN_PKM","A","1971",24555,
"HUN","PASSTRANSP","ROAD","MLN_PKM","A","1972",28016,
"HUN","PASSTRANSP","ROAD","MLN_PKM","A","1973",31384,
"HUN","PASSTRANSP","ROAD","MLN_PKM","A","1974",35830,
"HUN","PASSTRANSP","ROAD","MLN_PKM","A","1975",39918,
"HUN","PASSTRANSP","ROAD","MLN_PKM","A","1976",44657,
"HUN","PASSTRANSP","ROAD","MLN_PKM","A","1977",50200,
"HUN","PASSTRANSP","ROAD","MLN_PKM","A","1978",56559,
"HUN","PASSTRANSP","ROAD","MLN_PKM","A","1979",60122,
"HUN","PASSTRANSP","ROAD","MLN_PKM","A","1980",62423,
"HUN","PASSTRANSP","ROAD","MLN_PKM","A","1981",65790,
"HUN","PASSTRANSP","ROAD","MLN_PKM","A","1982",70522,
"HUN","PASSTRANSP","ROAD","MLN_PKM","A","1983",70475,
"HUN","PASSTRANSP","ROAD","MLN_PKM","A","1984",71875,
"HUN","PASSTRANSP","ROAD","MLN_PKM","A","1985",73820,
"HUN","PASSTRANSP","ROAD","MLN_PKM","A","1986",69567,
"HUN","PASSTRANSP","ROAD","MLN_PKM","A","1987",71210,
"HUN","PASSTRANSP","ROAD","MLN_PKM","A","1988",74168,
"HUN","PASSTRANSP","ROAD","MLN_PKM","A","1989",74136,
"HUN","PASSTRANSP","ROAD","MLN_PKM","A","1990",71104,
"HUN","PASSTRANSP","ROAD","MLN_PKM","A","1991",69051,
"HUN","PASSTRANSP","ROAD","MLN_PKM","A","1992",63967,
"HUN","PASSTRANSP","ROAD","MLN_PKM","A","1993",63225,
"HUN","PASSTRANSP","ROAD","MLN_PKM","A","1994",63540,
"HUN","PASSTRANSP","ROAD","MLN_PKM","A","1995",64542,
"HUN","PASSTRANSP","ROAD","MLN_PKM","A","1996",64625,
"HUN","PASSTRANSP","ROAD","MLN_PKM","A","1997",64915,
"HUN","PASSTRANSP","ROAD","MLN_PKM","A","1998",64419,
"HUN","PASSTRANSP","ROAD","MLN_PKM","A","1999",64294,
"HUN","PASSTRANSP","ROAD","MLN_PKM","A","2000",64622,
"HUN","PASSTRANSP","ROAD","MLN_PKM","A","2001",64506,
"HUN","PASSTRANSP","ROAD","MLN_PKM","A","2002",64702,
"HUN","PASSTRANSP","ROAD","MLN_PKM","A","2003",66122,
"HUN","PASSTRANSP","ROAD","MLN_PKM","A","2004",67529,
"HUN","PASSTRANSP","ROAD","MLN_PKM","A","2005",66638,
"HUN","PASSTRANSP","ROAD","MLN_PKM","A","2006",69630,
"HUN","PASSTRANSP","ROAD","MLN_PKM","A","2007",70447,
"HUN","PASSTRANSP","ROAD","MLN_PKM","A","2008",70984,
"HUN","PASSTRANSP","ROAD","MLN_PKM","A","2009",70477,
"HUN","PASSTRANSP","ROAD","MLN_PKM","A","2010",68845,
"HUN","PASSTRANSP","ROAD","MLN_PKM","A","2011",68510,
"HUN","PASSTRANSP","ROAD","MLN_PKM","A","2012",68661,
"HUN","PASSTRANSP","ROAD","MLN_PKM","A","2013",68788,
"HUN","PASSTRANSP","ROAD","MLN_PKM","A","2014",70162.677,"E"
"HUN","PASSTRANSP","ROAD","MLN_PKM","A","2015",72220.7766,"E"
"HUN","PASSTRANSP","ROAD","MLN_PKM","A","2016",74976.9021,"E"
"HUN","PASSTRANSP","ROAD","MLN_PKM","A","2017",78745.268,"E"
"HUN","PASSTRANSP","ROAD","MLN_PKM","A","2018",82606.9168,"E"
"HUN","PASSTRANSP","ROAD","MLN_PKM","A","2019",85756.2439,"E"
"HUN","PASSTRANSP","ROAD","MLN_PKM","A","2020",77150.225,"E"
"HUN","PASSTRANSP","ROAD","MLN_PKM","A","2021",80447.475,"E"
"HUN","PASSTRANSP","ROAD","MLN_PKM","A","2022",88942.0241,"E"
"ISL","PASSTRANSP","ROAD","MLN_PKM","A","1989",2966,
"ISL","PASSTRANSP","ROAD","MLN_PKM","A","1990",3004,
"ISL","PASSTRANSP","ROAD","MLN_PKM","A","1991",3314,
"ISL","PASSTRANSP","ROAD","MLN_PKM","A","1992",3334,
"ISL","PASSTRANSP","ROAD","MLN_PKM","A","1993",3326,
"ISL","PASSTRANSP","ROAD","MLN_PKM","A","1994",3433,
"ISL","PASSTRANSP","ROAD","MLN_PKM","A","1995",3467,
"ISL","PASSTRANSP","ROAD","MLN_PKM","A","1996",3659,
"ISL","PASSTRANSP","ROAD","MLN_PKM","A","1997",3739,
"ISL","PASSTRANSP","ROAD","MLN_PKM","A","1998",3854,
"ISL","PASSTRANSP","ROAD","MLN_PKM","A","1999",4115,
"ISL","PASSTRANSP","ROAD","MLN_PKM","A","2000",4250,
"ISL","PASSTRANSP","ROAD","MLN_PKM","A","2001",4458,"E"
"ISL","PASSTRANSP","ROAD","MLN_PKM","A","2002",4583,"E"
"ISL","PASSTRANSP","ROAD","MLN_PKM","A","2003",4711,"E"
"ISL","PASSTRANSP","ROAD","MLN_PKM","A","2004",4855,"E"
"ISL","PASSTRANSP","ROAD","MLN_PKM","A","2005",5145,"E"
"ISL","PASSTRANSP","ROAD","MLN_PKM","A","2006",5455,"E"
"ISL","PASSTRANSP","ROAD","MLN_PKM","A","2007",5730,"E"
"ISL","PASSTRANSP","ROAD","MLN_PKM","A","2008",5587,"E"
"ISL","PASSTRANSP","ROAD","MLN_PKM","A","2009",5647,"E"
"ISL","PASSTRANSP","ROAD","MLN_PKM","A","2010",5596,"E"
"ISL","PASSTRANSP","ROAD","MLN_PKM","A","2011",5392,"E"
"ISL","PASSTRANSP","ROAD","MLN_PKM","A","2012",5454,"E"
"ISL","PASSTRANSP","ROAD","MLN_PKM","A","2013",5611,"E"
"ISL","PASSTRANSP","ROAD","MLN_PKM","A","2014",5899,"E"
"ISL","PASSTRANSP","ROAD","MLN_PKM","A","2015",6296,"E"
"ISL","PASSTRANSP","ROAD","MLN_PKM","A","2016",7301,
"ISL","PASSTRANSP","ROAD","MLN_PKM","A","2017",7984,
"ISL","PASSTRANSP","ROAD","MLN_PKM","A","2018",8235,
"ISL","PASSTRANSP","ROAD","MLN_PKM","A","2019",8167,
"ISL","PASSTRANSP","ROAD","MLN_PKM","A","2020",6316,
"ISL","PASSTRANSP","ROAD","MLN_PKM","A","2021",7557,
"ISL","PASSTRANSP","ROAD","MLN_PKM","A","2022",8255,
"ITA","PASSTRANSP","ROAD","MLN_PKM","A","1970",243938,
"ITA","PASSTRANSP","ROAD","MLN_PKM","A","1971",282090,
"ITA","PASSTRANSP","ROAD","MLN_PKM","A","1972",310083,
"ITA","PASSTRANSP","ROAD","MLN_PKM","A","1973",316833,
"ITA","PASSTRANSP","ROAD","MLN_PKM","A","1974",299407,
"ITA","PASSTRANSP","ROAD","MLN_PKM","A","1975",321588,
"ITA","PASSTRANSP","ROAD","MLN_PKM","A","1976",332028,
"ITA","PASSTRANSP","ROAD","MLN_PKM","A","1977",343391,
"ITA","PASSTRANSP","ROAD","MLN_PKM","A","1978",376964,
"ITA","PASSTRANSP","ROAD","MLN_PKM","A","1979",375590,
"ITA","PASSTRANSP","ROAD","MLN_PKM","A","1980",381870,
"ITA","PASSTRANSP","ROAD","MLN_PKM","A","1981",395095,
"ITA","PASSTRANSP","ROAD","MLN_PKM","A","1982",420534,
"ITA","PASSTRANSP","ROAD","MLN_PKM","A","1983",398251,
"ITA","PASSTRANSP","ROAD","MLN_PKM","A","1984",420443,
"ITA","PASSTRANSP","ROAD","MLN_PKM","A","1985",441780,
"ITA","PASSTRANSP","ROAD","MLN_PKM","A","1986",465186,
"ITA","PASSTRANSP","ROAD","MLN_PKM","A","1987",499944,
"ITA","PASSTRANSP","ROAD","MLN_PKM","A","1988",539824,
"ITA","PASSTRANSP","ROAD","MLN_PKM","A","1989",559144,
"ITA","PASSTRANSP","ROAD","MLN_PKM","A","1990",606549,
"ITA","PASSTRANSP","ROAD","MLN_PKM","A","1991",623635,
"ITA","PASSTRANSP","ROAD","MLN_PKM","A","1992",675220,
"ITA","PASSTRANSP","ROAD","MLN_PKM","A","1993",669385,
"ITA","PASSTRANSP","ROAD","MLN_PKM","A","1994",680101,
"ITA","PASSTRANSP","ROAD","MLN_PKM","A","1995",701860,
"ITA","PASSTRANSP","ROAD","MLN_PKM","A","1996",716119,
"ITA","PASSTRANSP","ROAD","MLN_PKM","A","1997",728840,
"ITA","PASSTRANSP","ROAD","MLN_PKM","A","1998",753054,
"ITA","PASSTRANSP","ROAD","MLN_PKM","A","1999",755274,
"ITA","PASSTRANSP","ROAD","MLN_PKM","A","2000",807481,"B"
"ITA","PASSTRANSP","ROAD","MLN_PKM","A","2001",813276,
"ITA","PASSTRANSP","ROAD","MLN_PKM","A","2002",808678,
"ITA","PASSTRANSP","ROAD","MLN_PKM","A","2003",809307,
"ITA","PASSTRANSP","ROAD","MLN_PKM","A","2004",815820,
"ITA","PASSTRANSP","ROAD","MLN_PKM","A","2005",777968,
"ITA","PASSTRANSP","ROAD","MLN_PKM","A","2006",779304,
"ITA","PASSTRANSP","ROAD","MLN_PKM","A","2007",779713,
"ITA","PASSTRANSP","ROAD","MLN_PKM","A","2008",778797,
"ITA","PASSTRANSP","ROAD","MLN_PKM","A","2009",821618,
"ITA","PASSTRANSP","ROAD","MLN_PKM","A","2010",800609,
"ITA","PASSTRANSP","ROAD","MLN_PKM","A","2011",767772,
"ITA","PASSTRANSP","ROAD","MLN_PKM","A","2012",680180,
"ITA","PASSTRANSP","ROAD","MLN_PKM","A","2013",722138,
"ITA","PASSTRANSP","ROAD","MLN_PKM","A","2014",745726,
"ITA","PASSTRANSP","ROAD","MLN_PKM","A","2015",778858,
"ITA","PASSTRANSP","ROAD","MLN_PKM","A","2016",806855,
"ITA","PASSTRANSP","ROAD","MLN_PKM","A","2017",847598,
"ITA","PASSTRANSP","ROAD","MLN_PKM","A","2018",825494,
"ITA","PASSTRANSP","ROAD","MLN_PKM","A","2019",836722,
"ITA","PASSTRANSP","ROAD","MLN_PKM","A","2020",519439,
"ITA","PASSTRANSP","ROAD","MLN_PKM","A","2021",657691,
"ITA","PASSTRANSP","ROAD","MLN_PKM","A","2022",691651,
"JPN","PASSTRANSP","ROAD","MLN_PKM","A","1970",284229,
"JPN","PASSTRANSP","ROAD","MLN_PKM","A","1971",312477,
"JPN","PASSTRANSP","ROAD","MLN_PKM","A","1972",328557,
"JPN","PASSTRANSP","ROAD","MLN_PKM","A","1973",337445,
"JPN","PASSTRANSP","ROAD","MLN_PKM","A","1974",344176,
"JPN","PASSTRANSP","ROAD","MLN_PKM","A","1975",360868,
"JPN","PASSTRANSP","ROAD","MLN_PKM","A","1976",363213,
"JPN","PASSTRANSP","ROAD","MLN_PKM","A","1977",368599,
"JPN","PASSTRANSP","ROAD","MLN_PKM","A","1978",403052,
"JPN","PASSTRANSP","ROAD","MLN_PKM","A","1979",428187,
"JPN","PASSTRANSP","ROAD","MLN_PKM","A","1980",431669,
"JPN","PASSTRANSP","ROAD","MLN_PKM","A","1981",437078,
"JPN","PASSTRANSP","ROAD","MLN_PKM","A","1982",452054,
"JPN","PASSTRANSP","ROAD","MLN_PKM","A","1983",464165,
"JPN","PASSTRANSP","ROAD","MLN_PKM","A","1984",468694,
"JPN","PASSTRANSP","ROAD","MLN_PKM","A","1985",489261,
"JPN","PASSTRANSP","ROAD","MLN_PKM","A","1986",499843,
"JPN","PASSTRANSP","ROAD","MLN_PKM","A","1987",718478,
"JPN","PASSTRANSP","ROAD","MLN_PKM","A","1988",782032,
"JPN","PASSTRANSP","ROAD","MLN_PKM","A","1989",845124,
"JPN","PASSTRANSP","ROAD","MLN_PKM","A","1990",853060,
"JPN","PASSTRANSP","ROAD","MLN_PKM","A","1991",869338,
"JPN","PASSTRANSP","ROAD","MLN_PKM","A","1992",888279,
"JPN","PASSTRANSP","ROAD","MLN_PKM","A","1993",889873,
"JPN","PASSTRANSP","ROAD","MLN_PKM","A","1994",896750,
"JPN","PASSTRANSP","ROAD","MLN_PKM","A","1995",917419,
"JPN","PASSTRANSP","ROAD","MLN_PKM","A","1996",931720,
"JPN","PASSTRANSP","ROAD","MLN_PKM","A","1997",944972,
"JPN","PASSTRANSP","ROAD","MLN_PKM","A","1998",954808,
"JPN","PASSTRANSP","ROAD","MLN_PKM","A","1999",955563,
"JPN","PASSTRANSP","ROAD","MLN_PKM","A","2000",951251,"B"
"JPN","PASSTRANSP","ROAD","MLN_PKM","A","2001",954293,
"JPN","PASSTRANSP","ROAD","MLN_PKM","A","2002",955412,
"JPN","PASSTRANSP","ROAD","MLN_PKM","A","2003",954186,
"JPN","PASSTRANSP","ROAD","MLN_PKM","A","2004",947563,
"JPN","PASSTRANSP","ROAD","MLN_PKM","A","2005",933005,
"JPN","PASSTRANSP","ROAD","MLN_PKM","A","2006",917938,
"JPN","PASSTRANSP","ROAD","MLN_PKM","A","2007",919062,
"JPN","PASSTRANSP","ROAD","MLN_PKM","A","2008",905907,
"JPN","PASSTRANSP","ROAD","MLN_PKM","A","2009",898720,
"JPN","PASSTRANSP","ROAD","MLN_PKM","A","2010",878235,"B"
"JPN","PASSTRANSP","ROAD","MLN_PKM","A","2011",865523,
"JPN","PASSTRANSP","ROAD","MLN_PKM","A","2012",890284,
"JPN","PASSTRANSP","ROAD","MLN_PKM","A","2013",888033,
"JPN","PASSTRANSP","ROAD","MLN_PKM","A","2014",873913,
"JPN","PASSTRANSP","ROAD","MLN_PKM","A","2015",875511,
"JPN","PASSTRANSP","ROAD","MLN_PKM","A","2016",888531,
"JPN","PASSTRANSP","ROAD","MLN_PKM","A","2017",901480,
"JPN","PASSTRANSP","ROAD","MLN_PKM","A","2018",912633,
"JPN","PASSTRANSP","ROAD","MLN_PKM","A","2019",905343,
"JPN","PASSTRANSP","ROAD","MLN_PKM","A","2020",769440,
"JPN","PASSTRANSP","ROAD","MLN_PKM","A","2021",750471,
"KOR","PASSTRANSP","ROAD","MLN_PKM","A","2001",267525,
"KOR","PASSTRANSP","ROAD","MLN_PKM","A","2002",244955,
"KOR","PASSTRANSP","ROAD","MLN_PKM","A","2003",238861,
"KOR","PASSTRANSP","ROAD","MLN_PKM","A","2004",190183,
"KOR","PASSTRANSP","ROAD","MLN_PKM","A","2005",200779,"B"
"KOR","PASSTRANSP","ROAD","MLN_PKM","A","2006",204339,
"KOR","PASSTRANSP","ROAD","MLN_PKM","A","2007",205158,
"KOR","PASSTRANSP","ROAD","MLN_PKM","A","2008",306660,
"KOR","PASSTRANSP","ROAD","MLN_PKM","A","2009",310787,
"KOR","PASSTRANSP","ROAD","MLN_PKM","A","2010",378863,
"KOR","PASSTRANSP","ROAD","MLN_PKM","A","2011",363318,
"KOR","PASSTRANSP","ROAD","MLN_PKM","A","2012",355200,
"KOR","PASSTRANSP","ROAD","MLN_PKM","A","2013",359928,
"KOR","PASSTRANSP","ROAD","MLN_PKM","A","2014",368516,
"KOR","PASSTRANSP","ROAD","MLN_PKM","A","2015",378044,
"KOR","PASSTRANSP","ROAD","MLN_PKM","A","2016",373919,
"KOR","PASSTRANSP","ROAD","MLN_PKM","A","2017",381854,
"KOR","PASSTRANSP","ROAD","MLN_PKM","A","2018",387268,
"KOR","PASSTRANSP","ROAD","MLN_PKM","A","2019",387957,
"KOR","PASSTRANSP","ROAD","MLN_PKM","A","2020",339537,
"KOR","PASSTRANSP","ROAD","MLN_PKM","A","2021",356652,
"NLD","PASSTRANSP","ROAD","MLN_PKM","A","1970",77400,
"NLD","PASSTRANSP","ROAD","MLN_PKM","A","1971",84300,
"NLD","PASSTRANSP","ROAD","MLN_PKM","A","1972",86800,
"NLD","PASSTRANSP","ROAD","MLN_PKM","A","1973",91100,
"NLD","PASSTRANSP","ROAD","MLN_PKM","A","1974",92600,
"NLD","PASSTRANSP","ROAD","MLN_PKM","A","1975",100900,
"NLD","PASSTRANSP","ROAD","MLN_PKM","A","1976",107000,
"NLD","PASSTRANSP","ROAD","MLN_PKM","A","1977",111300,
"NLD","PASSTRANSP","ROAD","MLN_PKM","A","1978",120600,
"NLD","PASSTRANSP","ROAD","MLN_PKM","A","1979",119800,
"NLD","PASSTRANSP","ROAD","MLN_PKM","A","1980",121300,
"NLD","PASSTRANSP","ROAD","MLN_PKM","A","1981",121500,
"NLD","PASSTRANSP","ROAD","MLN_PKM","A","1982",124100,
"NLD","PASSTRANSP","ROAD","MLN_PKM","A","1983",127100,
"NLD","PASSTRANSP","ROAD","MLN_PKM","A","1984",132600,
"NLD","PASSTRANSP","ROAD","MLN_PKM","A","1985",134500,"B"
"NLD","PASSTRANSP","ROAD","MLN_PKM","A","1986",138700,
"NLD","PASSTRANSP","ROAD","MLN_PKM","A","1987",139800,
"NLD","PASSTRANSP","ROAD","MLN_PKM","A","1988",143100,
"NLD","PASSTRANSP","ROAD","MLN_PKM","A","1989",147400,
"NLD","PASSTRANSP","ROAD","MLN_PKM","A","1990",150400,
"NLD","PASSTRANSP","ROAD","MLN_PKM","A","1991",138100,
"NLD","PASSTRANSP","ROAD","MLN_PKM","A","1992",142600,
"NLD","PASSTRANSP","ROAD","MLN_PKM","A","1993",139800,
"NLD","PASSTRANSP","ROAD","MLN_PKM","A","1994",142700,
"NLD","PASSTRANSP","ROAD","MLN_PKM","A","1995",145600,
"NLD","PASSTRANSP","ROAD","MLN_PKM","A","1996",147100,
"NLD","PASSTRANSP","ROAD","MLN_PKM","A","1997",150900,
"NLD","PASSTRANSP","ROAD","MLN_PKM","A","1998",152100,
"NLD","PASSTRANSP","ROAD","MLN_PKM","A","1999",156400,"B"
"NLD","PASSTRANSP","ROAD","MLN_PKM","A","2000",156553,"E"
"NLD","PASSTRANSP","ROAD","MLN_PKM","A","2001",157083,"E"
"NLD","PASSTRANSP","ROAD","MLN_PKM","A","2002",159627,"E"
"NLD","PASSTRANSP","ROAD","MLN_PKM","A","2003",161700,"E"
"NLD","PASSTRANSP","ROAD","MLN_PKM","A","2004",167449,"E"
"NLD","PASSTRANSP","ROAD","MLN_PKM","A","2005",164834,"E"
"NLD","PASSTRANSP","ROAD","MLN_PKM","A","2006",163630,"E"
"NLD","PASSTRANSP","ROAD","MLN_PKM","A","2007",166605,"E"
"NLD","PASSTRANSP","ROAD","MLN_PKM","A","2008",163236,"E"
"NOR","PASSTRANSP","ROAD","MLN_PKM","A","1970",21936,
"NOR","PASSTRANSP","ROAD","MLN_PKM","A","1971",24663,
"NOR","PASSTRANSP","ROAD","MLN_PKM","A","1972",26283,
"NOR","PASSTRANSP","ROAD","MLN_PKM","A","1973",28577,
"NOR","PASSTRANSP","ROAD","MLN_PKM","A","1974",29352,
"NOR","PASSTRANSP","ROAD","MLN_PKM","A","1975",30749,
"NOR","PASSTRANSP","ROAD","MLN_PKM","A","1976",32597,
"NOR","PASSTRANSP","ROAD","MLN_PKM","A","1977",34285,
"NOR","PASSTRANSP","ROAD","MLN_PKM","A","1978",34779,
"NOR","PASSTRANSP","ROAD","MLN_PKM","A","1979",35906,
"NOR","PASSTRANSP","ROAD","MLN_PKM","A","1980",35318,
"NOR","PASSTRANSP","ROAD","MLN_PKM","A","1981",35064,
"NOR","PASSTRANSP","ROAD","MLN_PKM","A","1982",35091,
"NOR","PASSTRANSP","ROAD","MLN_PKM","A","1983",35588,
"NOR","PASSTRANSP","ROAD","MLN_PKM","A","1984",36474,
"NOR","PASSTRANSP","ROAD","MLN_PKM","A","1985",41659,
"NOR","PASSTRANSP","ROAD","MLN_PKM","A","1986",44315,
"NOR","PASSTRANSP","ROAD","MLN_PKM","A","1987",45989,
"NOR","PASSTRANSP","ROAD","MLN_PKM","A","1988",46851,
"NOR","PASSTRANSP","ROAD","MLN_PKM","A","1989",47342,
"NOR","PASSTRANSP","ROAD","MLN_PKM","A","1990",47327,
"NOR","PASSTRANSP","ROAD","MLN_PKM","A","1991",46880,
"NOR","PASSTRANSP","ROAD","MLN_PKM","A","1992",47035,
"NOR","PASSTRANSP","ROAD","MLN_PKM","A","1993",47771,
"NOR","PASSTRANSP","ROAD","MLN_PKM","A","1994",48488,
"NOR","PASSTRANSP","ROAD","MLN_PKM","A","1995",48482,
"NOR","PASSTRANSP","ROAD","MLN_PKM","A","1996",50545,
"NOR","PASSTRANSP","ROAD","MLN_PKM","A","1997",51906,
"NOR","PASSTRANSP","ROAD","MLN_PKM","A","1998",53478,
"NOR","PASSTRANSP","ROAD","MLN_PKM","A","1999",54508,
"NOR","PASSTRANSP","ROAD","MLN_PKM","A","2000",55314,
"NOR","PASSTRANSP","ROAD","MLN_PKM","A","2001",56463,
"NOR","PASSTRANSP","ROAD","MLN_PKM","A","2002",57612,
"NOR","PASSTRANSP","ROAD","MLN_PKM","A","2003",58007,
"NOR","PASSTRANSP","ROAD","MLN_PKM","A","2004",58573,
"NOR","PASSTRANSP","ROAD","MLN_PKM","A","2005",58339,
"NOR","PASSTRANSP","ROAD","MLN_PKM","A","2006",59196,
"NOR","PASSTRANSP","ROAD","MLN_PKM","A","2007",60943,
"NOR","PASSTRANSP","ROAD","MLN_PKM","A","2008",62103,
"NOR","PASSTRANSP","ROAD","MLN_PKM","A","2009",62744,
"NOR","PASSTRANSP","ROAD","MLN_PKM","A","2010",62718,"B"
"NOR","PASSTRANSP","ROAD","MLN_PKM","A","2011",63701,"E"
"NOR","PASSTRANSP","ROAD","MLN_PKM","A","2012",64482,"E"
"NOR","PASSTRANSP","ROAD","MLN_PKM","A","2013",65237,"E"
"NOR","PASSTRANSP","ROAD","MLN_PKM","A","2014",66760,"E"
"NOR","PASSTRANSP","ROAD","MLN_PKM","A","2015",68756,"E"
"NOR","PASSTRANSP","ROAD","MLN_PKM","A","2016",69595,"E"
"NOR","PASSTRANSP","ROAD","MLN_PKM","A","2017",61612,"E"
"NOR","PASSTRANSP","ROAD","MLN_PKM","A","2018",62078,"E"
"NOR","PASSTRANSP","ROAD","MLN_PKM","A","2019",62671,"E"
"NOR","PASSTRANSP","ROAD","MLN_PKM","A","2020",57126,"E"
"NOR","PASSTRANSP","ROAD","MLN_PKM","A","2021",59211,"E"
"NOR","PASSTRANSP","ROAD","MLN_PKM","A","2022",62387,"E"
"POL","PASSTRANSP","ROAD","MLN_PKM","A","1985",92088,"E"
"POL","PASSTRANSP","ROAD","MLN_PKM","A","1986",96080,"E"
"POL","PASSTRANSP","ROAD","MLN_PKM","A","1987",100997,"E"
"POL","PASSTRANSP","ROAD","MLN_PKM","A","1988",109073,"E"
"POL","PASSTRANSP","ROAD","MLN_PKM","A","1989",114063,"E"
"POL","PASSTRANSP","ROAD","MLN_PKM","A","1990",114400,"B"
"POL","PASSTRANSP","ROAD","MLN_PKM","A","1991",122820,"E"
"POL","PASSTRANSP","ROAD","MLN_PKM","A","1992",127608,"E"
"POL","PASSTRANSP","ROAD","MLN_PKM","A","1993",132111,"E"
"POL","PASSTRANSP","ROAD","MLN_PKM","A","1994",136562,"E"
"POL","PASSTRANSP","ROAD","MLN_PKM","A","1995",144724,"E"
"POL","PASSTRANSP","ROAD","MLN_PKM","A","1996",155584,"E"
"POL","PASSTRANSP","ROAD","MLN_PKM","A","1997",165128,"E"
"POL","PASSTRANSP","ROAD","MLN_PKM","A","1998",175135,"E"
"POL","PASSTRANSP","ROAD","MLN_PKM","A","1999",176250,"E"
"POL","PASSTRANSP","ROAD","MLN_PKM","A","2000",189373,
"POL","PASSTRANSP","ROAD","MLN_PKM","A","2001",187737,"E"
"POL","PASSTRANSP","ROAD","MLN_PKM","A","2002",187875,"E"
"POL","PASSTRANSP","ROAD","MLN_PKM","A","2003",192944,"E"
"POL","PASSTRANSP","ROAD","MLN_PKM","A","2004",197895,"E"
"POL","PASSTRANSP","ROAD","MLN_PKM","A","2005",201465,"E"
"POL","PASSTRANSP","ROAD","MLN_PKM","A","2006",205289,"E"
"POL","PASSTRANSP","ROAD","MLN_PKM","A","2007",209959,"E"
"POL","PASSTRANSP","ROAD","MLN_PKM","A","2008",220343,"E"
"POL","PASSTRANSP","ROAD","MLN_PKM","A","2009",226661,"E"
"POL","PASSTRANSP","ROAD","MLN_PKM","A","2010",230461,"E"
"POL","PASSTRANSP","ROAD","MLN_PKM","A","2011",229229,
"POL","PASSTRANSP","ROAD","MLN_PKM","A","2012",228743,"E"
"POL","PASSTRANSP","ROAD","MLN_PKM","A","2013",231117,"E"
"POL","PASSTRANSP","ROAD","MLN_PKM","A","2014",236190,"E"
"POL","PASSTRANSP","ROAD","MLN_PKM","A","2015",238150,"E"
"POL","PASSTRANSP","ROAD","MLN_PKM","A","2016",250092,"E"
"POL","PASSTRANSP","ROAD","MLN_PKM","A","2017",257610,"E"
"POL","PASSTRANSP","ROAD","MLN_PKM","A","2018",262156,
"POL","PASSTRANSP","ROAD","MLN_PKM","A","2019",268491,
"POL","PASSTRANSP","ROAD","MLN_PKM","A","2020",232234,
"POL","PASSTRANSP","ROAD","MLN_PKM","A","2021",252807,"E"
"POL","PASSTRANSP","ROAD","MLN_PKM","A","2022",263298,"E"
"PRT","PASSTRANSP","ROAD","MLN_PKM","A","1970",18158,
"PRT","PASSTRANSP","ROAD","MLN_PKM","A","1971",20854,
"PRT","PASSTRANSP","ROAD","MLN_PKM","A","1972",22325,
"PRT","PASSTRANSP","ROAD","MLN_PKM","A","1973",24967,
"PRT","PASSTRANSP","ROAD","MLN_PKM","A","1974",27224,
"PRT","PASSTRANSP","ROAD","MLN_PKM","A","1975",29152,
"PRT","PASSTRANSP","ROAD","MLN_PKM","A","1976",30486,
"PRT","PASSTRANSP","ROAD","MLN_PKM","A","1977",32842,
"PRT","PASSTRANSP","ROAD","MLN_PKM","A","1978",34244,
"PRT","PASSTRANSP","ROAD","MLN_PKM","A","1979",35502,
"PRT","PASSTRANSP","ROAD","MLN_PKM","A","1980",36600,
"PRT","PASSTRANSP","ROAD","MLN_PKM","A","1981",37200,
"PRT","PASSTRANSP","ROAD","MLN_PKM","A","1982",39000,
"PRT","PASSTRANSP","ROAD","MLN_PKM","A","1983",39800,
"PRT","PASSTRANSP","ROAD","MLN_PKM","A","1984",41200,
"PRT","PASSTRANSP","ROAD","MLN_PKM","A","1985",42700,
"PRT","PASSTRANSP","ROAD","MLN_PKM","A","1986",44300,
"PRT","PASSTRANSP","ROAD","MLN_PKM","A","1987",45950,
"PRT","PASSTRANSP","ROAD","MLN_PKM","A","1988",48000,
"PRT","PASSTRANSP","ROAD","MLN_PKM","A","1989",49350,
"PRT","PASSTRANSP","ROAD","MLN_PKM","A","1990",50800,
"PRT","PASSTRANSP","ROAD","MLN_PKM","A","1991",53900,
"PRT","PASSTRANSP","ROAD","MLN_PKM","A","1992",59880,
"PRT","PASSTRANSP","ROAD","MLN_PKM","A","1993",64840,
"PRT","PASSTRANSP","ROAD","MLN_PKM","A","1994",70150,
"PRT","PASSTRANSP","ROAD","MLN_PKM","A","1995",74490,
"PRT","PASSTRANSP","ROAD","MLN_PKM","A","1996",78500,
"PRT","PASSTRANSP","ROAD","MLN_PKM","A","1997",82400,
"PRT","PASSTRANSP","ROAD","MLN_PKM","A","1998",87150,
"PRT","PASSTRANSP","ROAD","MLN_PKM","A","1999",93080,
"PRT","PASSTRANSP","ROAD","MLN_PKM","A","2000",94204,"E"
"PRT","PASSTRANSP","ROAD","MLN_PKM","A","2001",95009,"E"
"PRT","PASSTRANSP","ROAD","MLN_PKM","A","2002",95580,"E"
"PRT","PASSTRANSP","ROAD","MLN_PKM","A","2003",96541,"E"
"PRT","PASSTRANSP","ROAD","MLN_PKM","A","2004",97809,"E"
"PRT","PASSTRANSP","ROAD","MLN_PKM","A","2005",97518,"E"
"PRT","PASSTRANSP","ROAD","MLN_PKM","A","2006",97202,"E"
"PRT","PASSTRANSP","ROAD","MLN_PKM","A","2007",97722,"E"
"PRT","PASSTRANSP","ROAD","MLN_PKM","A","2008",96756,"E"
"SVK","PASSTRANSP","ROAD","MLN_PKM","A","1993",28999,
"SVK","PASSTRANSP","ROAD","MLN_PKM","A","1994",27867,
"SVK","PASSTRANSP","ROAD","MLN_PKM","A","1995",29168,
"SVK","PASSTRANSP","ROAD","MLN_PKM","A","1996",29090,
"SVK","PASSTRANSP","ROAD","MLN_PKM","A","1997",28537,
"SVK","PASSTRANSP","ROAD","MLN_PKM","A","1998",28142,
"SVK","PASSTRANSP","ROAD","MLN_PKM","A","1999",29374,
"SVK","PASSTRANSP","ROAD","MLN_PKM","A","2000",32364,
"SVK","PASSTRANSP","ROAD","MLN_PKM","A","2001",32309,
"SVK","PASSTRANSP","ROAD","MLN_PKM","A","2002",33214,
"SVK","PASSTRANSP","ROAD","MLN_PKM","A","2003",32981,
"SVK","PASSTRANSP","ROAD","MLN_PKM","A","2004",32214,
"SVK","PASSTRANSP","ROAD","MLN_PKM","A","2005",33564,
"SVK","PASSTRANSP","ROAD","MLN_PKM","A","2006",33736,
"SVK","PASSTRANSP","ROAD","MLN_PKM","A","2007",33731,
"SVK","PASSTRANSP","ROAD","MLN_PKM","A","2008",32962,
"SVK","PASSTRANSP","ROAD","MLN_PKM","A","2009",31715,
"SVK","PASSTRANSP","ROAD","MLN_PKM","A","2010",32021,
"SVK","PASSTRANSP","ROAD","MLN_PKM","A","2011",32225,
"SVK","PASSTRANSP","ROAD","MLN_PKM","A","2012",32235,"E"
"SVK","PASSTRANSP","ROAD","MLN_PKM","A","2013",32321,"E"
"SVK","PASSTRANSP","ROAD","MLN_PKM","A","2014",32532,"E"
"SVK","PASSTRANSP","ROAD","MLN_PKM","A","2015",32799,"E"
"SVK","PASSTRANSP","ROAD","MLN_PKM","A","2016",33665,"E"
"SVK","PASSTRANSP","ROAD","MLN_PKM","A","2017",34050,"E"
"SVK","PASSTRANSP","ROAD","MLN_PKM","A","2018",34699,"E"
"SVK","PASSTRANSP","ROAD","MLN_PKM","A","2019",34803,"E"
"ESP","PASSTRANSP","ROAD","MLN_PKM","A","1970",85257,
"ESP","PASSTRANSP","ROAD","MLN_PKM","A","1971",97324,
"ESP","PASSTRANSP","ROAD","MLN_PKM","A","1972",106058,
"ESP","PASSTRANSP","ROAD","MLN_PKM","A","1973",115568,
"ESP","PASSTRANSP","ROAD","MLN_PKM","A","1974",119807,
"ESP","PASSTRANSP","ROAD","MLN_PKM","A","1975",126215,
"ESP","PASSTRANSP","ROAD","MLN_PKM","A","1976",134961,
"ESP","PASSTRANSP","ROAD","MLN_PKM","A","1977",141424,
"ESP","PASSTRANSP","ROAD","MLN_PKM","A","1978",150537,
"ESP","PASSTRANSP","ROAD","MLN_PKM","A","1979",157736,
"ESP","PASSTRANSP","ROAD","MLN_PKM","A","1980",158995,
"ESP","PASSTRANSP","ROAD","MLN_PKM","A","1981",160105,
"ESP","PASSTRANSP","ROAD","MLN_PKM","A","1982",165669,
"ESP","PASSTRANSP","ROAD","MLN_PKM","A","1983",150799,
"ESP","PASSTRANSP","ROAD","MLN_PKM","A","1984",140899,
"ESP","PASSTRANSP","ROAD","MLN_PKM","A","1985",151558,
"ESP","PASSTRANSP","ROAD","MLN_PKM","A","1986",162731,
"ESP","PASSTRANSP","ROAD","MLN_PKM","A","1987",173337,
"ESP","PASSTRANSP","ROAD","MLN_PKM","A","1988",184309,
"ESP","PASSTRANSP","ROAD","MLN_PKM","A","1989",195366,
"ESP","PASSTRANSP","ROAD","MLN_PKM","A","1990",207765,
"ESP","PASSTRANSP","ROAD","MLN_PKM","A","1991",218295,
"ESP","PASSTRANSP","ROAD","MLN_PKM","A","1992",229291,
"ESP","PASSTRANSP","ROAD","MLN_PKM","A","1993",235523,
"ESP","PASSTRANSP","ROAD","MLN_PKM","A","1994",243304,
"ESP","PASSTRANSP","ROAD","MLN_PKM","A","1995",251189,
"ESP","PASSTRANSP","ROAD","MLN_PKM","A","1996",256866,
"ESP","PASSTRANSP","ROAD","MLN_PKM","A","1997",271801,
"ESP","PASSTRANSP","ROAD","MLN_PKM","A","1998",320972,
"ESP","PASSTRANSP","ROAD","MLN_PKM","A","1999",341329,
"ESP","PASSTRANSP","ROAD","MLN_PKM","A","2000",330263,"B"
"ESP","PASSTRANSP","ROAD","MLN_PKM","A","2001",336520,
"ESP","PASSTRANSP","ROAD","MLN_PKM","A","2002",362576,
"ESP","PASSTRANSP","ROAD","MLN_PKM","A","2003",371137,
"ESP","PASSTRANSP","ROAD","MLN_PKM","A","2004",383650,
"ESP","PASSTRANSP","ROAD","MLN_PKM","A","2005",390973,
"ESP","PASSTRANSP","ROAD","MLN_PKM","A","2006",390306,
"ESP","PASSTRANSP","ROAD","MLN_PKM","A","2007",402456,
"ESP","PASSTRANSP","ROAD","MLN_PKM","A","2008",403475,
"ESP","PASSTRANSP","ROAD","MLN_PKM","A","2009",407444,
"ESP","PASSTRANSP","ROAD","MLN_PKM","A","2010",392531,
"ESP","PASSTRANSP","ROAD","MLN_PKM","A","2011",389763,
"ESP","PASSTRANSP","ROAD","MLN_PKM","A","2012",375576,
"ESP","PASSTRANSP","ROAD","MLN_PKM","A","2013",370375,
"ESP","PASSTRANSP","ROAD","MLN_PKM","A","2014",348173,"B"
"ESP","PASSTRANSP","ROAD","MLN_PKM","A","2015",363942,
"ESP","PASSTRANSP","ROAD","MLN_PKM","A","2016",377643,
"ESP","PASSTRANSP","ROAD","MLN_PKM","A","2017",363368,
"ESP","PASSTRANSP","ROAD","MLN_PKM","A","2018",372744,
"ESP","PASSTRANSP","ROAD","MLN_PKM","A","2019",375255,
"ESP","PASSTRANSP","ROAD","MLN_PKM","A","2020",284467,
"ESP","PASSTRANSP","ROAD","MLN_PKM","A","2021",348402,
"SWE","PASSTRANSP","ROAD","MLN_PKM","A","1970",61200,
"SWE","PASSTRANSP","ROAD","MLN_PKM","A","1971",64400,
"SWE","PASSTRANSP","ROAD","MLN_PKM","A","1972",67900,
"SWE","PASSTRANSP","ROAD","MLN_PKM","A","1973",75100,
"SWE","PASSTRANSP","ROAD","MLN_PKM","A","1974",71400,
"SWE","PASSTRANSP","ROAD","MLN_PKM","A","1975",72200,
"SWE","PASSTRANSP","ROAD","MLN_PKM","A","1976",77000,
"SWE","PASSTRANSP","ROAD","MLN_PKM","A","1977",80300,
"SWE","PASSTRANSP","ROAD","MLN_PKM","A","1978",82200,
"SWE","PASSTRANSP","ROAD","MLN_PKM","A","1979",83700,
"SWE","PASSTRANSP","ROAD","MLN_PKM","A","1980",84100,
"SWE","PASSTRANSP","ROAD","MLN_PKM","A","1981",83600,
"SWE","PASSTRANSP","ROAD","MLN_PKM","A","1982",84500,
"SWE","PASSTRANSP","ROAD","MLN_PKM","A","1983",85700,
"SWE","PASSTRANSP","ROAD","MLN_PKM","A","1984",86300,
"SWE","PASSTRANSP","ROAD","MLN_PKM","A","1985",88900,
"SWE","PASSTRANSP","ROAD","MLN_PKM","A","1986",89600,
"SWE","PASSTRANSP","ROAD","MLN_PKM","A","1987",94700,
"SWE","PASSTRANSP","ROAD","MLN_PKM","A","1988",99600,
"SWE","PASSTRANSP","ROAD","MLN_PKM","A","1989",104600,
"SWE","PASSTRANSP","ROAD","MLN_PKM","A","1990",104600,
"SWE","PASSTRANSP","ROAD","MLN_PKM","A","1991",105200,
"SWE","PASSTRANSP","ROAD","MLN_PKM","A","1992",106300,
"SWE","PASSTRANSP","ROAD","MLN_PKM","A","1993",104000,
"SWE","PASSTRANSP","ROAD","MLN_PKM","A","1994",105200,
"SWE","PASSTRANSP","ROAD","MLN_PKM","A","1995",106400,
"SWE","PASSTRANSP","ROAD","MLN_PKM","A","1996",106900,
"SWE","PASSTRANSP","ROAD","MLN_PKM","A","1997",107497,"B"
"SWE","PASSTRANSP","ROAD","MLN_PKM","A","1998",108152,
"SWE","PASSTRANSP","ROAD","MLN_PKM","A","1999",110336,"B"
"SWE","PASSTRANSP","ROAD","MLN_PKM","A","2000",113273,"B"
"SWE","PASSTRANSP","ROAD","MLN_PKM","A","2001",114464,
"SWE","PASSTRANSP","ROAD","MLN_PKM","A","2002",116344,
"SWE","PASSTRANSP","ROAD","MLN_PKM","A","2003",117084,
"SWE","PASSTRANSP","ROAD","MLN_PKM","A","2004",118077,
"SWE","PASSTRANSP","ROAD","MLN_PKM","A","2005",117710,
"SWE","PASSTRANSP","ROAD","MLN_PKM","A","2006",117951,
"SWE","PASSTRANSP","ROAD","MLN_PKM","A","2007",120171,
"SWE","PASSTRANSP","ROAD","MLN_PKM","A","2008",119160,
"SWE","PASSTRANSP","ROAD","MLN_PKM","A","2009",118660,
"SWE","PASSTRANSP","ROAD","MLN_PKM","A","2010",117935,
"SWE","PASSTRANSP","ROAD","MLN_PKM","A","2011",119294,
"SWE","PASSTRANSP","ROAD","MLN_PKM","A","2012",118479,
"SWE","PASSTRANSP","ROAD","MLN_PKM","A","2013",118568,
"SWE","PASSTRANSP","ROAD","MLN_PKM","A","2014",120664,
"SWE","PASSTRANSP","ROAD","MLN_PKM","A","2015",122392,
"SWE","PASSTRANSP","ROAD","MLN_PKM","A","2016",104243,"B"
"SWE","PASSTRANSP","ROAD","MLN_PKM","A","2017",106088,
"SWE","PASSTRANSP","ROAD","MLN_PKM","A","2018",107074,
"SWE","PASSTRANSP","ROAD","MLN_PKM","A","2019",106492,
"SWE","PASSTRANSP","ROAD","MLN_PKM","A","2020",99665,
"SWE","PASSTRANSP","ROAD","MLN_PKM","A","2021",98813,
"SWE","PASSTRANSP","ROAD","MLN_PKM","A","2022",104668,
"CHE","PASSTRANSP","ROAD","MLN_PKM","A","1970",45992,
"CHE","PASSTRANSP","ROAD","MLN_PKM","A","1971",48348,
"CHE","PASSTRANSP","ROAD","MLN_PKM","A","1972",50757,
"CHE","PASSTRANSP","ROAD","MLN_PKM","A","1973",52527,
"CHE","PASSTRANSP","ROAD","MLN_PKM","A","1974",53353,
"CHE","PASSTRANSP","ROAD","MLN_PKM","A","1975",55808,
"CHE","PASSTRANSP","ROAD","MLN_PKM","A","1976",57149,
"CHE","PASSTRANSP","ROAD","MLN_PKM","A","1977",61060,
"CHE","PASSTRANSP","ROAD","MLN_PKM","A","1978",63308,
"CHE","PASSTRANSP","ROAD","MLN_PKM","A","1979",65034,
"CHE","PASSTRANSP","ROAD","MLN_PKM","A","1980",67241,
"CHE","PASSTRANSP","ROAD","MLN_PKM","A","1981",67344,
"CHE","PASSTRANSP","ROAD","MLN_PKM","A","1982",69867,
"CHE","PASSTRANSP","ROAD","MLN_PKM","A","1983",70865,
"CHE","PASSTRANSP","ROAD","MLN_PKM","A","1984",73019,
"CHE","PASSTRANSP","ROAD","MLN_PKM","A","1985",72464,
"CHE","PASSTRANSP","ROAD","MLN_PKM","A","1998",78009,
"CHE","PASSTRANSP","ROAD","MLN_PKM","A","1999",78973,
"CHE","PASSTRANSP","ROAD","MLN_PKM","A","2000",80499,
"CHE","PASSTRANSP","ROAD","MLN_PKM","A","2001",81109,
"CHE","PASSTRANSP","ROAD","MLN_PKM","A","2002",82003,
"CHE","PASSTRANSP","ROAD","MLN_PKM","A","2003",82774,
"CHE","PASSTRANSP","ROAD","MLN_PKM","A","2004",83587,
"CHE","PASSTRANSP","ROAD","MLN_PKM","A","2005",83937,
"CHE","PASSTRANSP","ROAD","MLN_PKM","A","2006",84783,
"CHE","PASSTRANSP","ROAD","MLN_PKM","A","2007",85757,
"CHE","PASSTRANSP","ROAD","MLN_PKM","A","2008",87626.684209783,
"CHE","PASSTRANSP","ROAD","MLN_PKM","A","2009",90239.259008148,
"CHE","PASSTRANSP","ROAD","MLN_PKM","A","2010",92419.387321189,
"CHE","PASSTRANSP","ROAD","MLN_PKM","A","2011",93400.149412342,
"CHE","PASSTRANSP","ROAD","MLN_PKM","A","2012",94987.570779686,
"CHE","PASSTRANSP","ROAD","MLN_PKM","A","2013",96362.440481672,
"CHE","PASSTRANSP","ROAD","MLN_PKM","A","2014",97720.369848966,
"CHE","PASSTRANSP","ROAD","MLN_PKM","A","2015",99158.08360765,
"CHE","PASSTRANSP","ROAD","MLN_PKM","A","2016",101275.7072384,
"CHE","PASSTRANSP","ROAD","MLN_PKM","A","2017",103104.041618,
"CHE","PASSTRANSP","ROAD","MLN_PKM","A","2018",104331.24281709,
"CHE","PASSTRANSP","ROAD","MLN_PKM","A","2019",105566.43633,
"CHE","PASSTRANSP","ROAD","MLN_PKM","A","2020",93457.198014008,
"CHE","PASSTRANSP","ROAD","MLN_PKM","A","2021",99196.89138231,
"TUR","PASSTRANSP","ROAD","MLN_PKM","A","1970",41311,
"TUR","PASSTRANSP","ROAD","MLN_PKM","A","1971",43898,
"TUR","PASSTRANSP","ROAD","MLN_PKM","A","1972",50207,
"TUR","PASSTRANSP","ROAD","MLN_PKM","A","1973",57440,
"TUR","PASSTRANSP","ROAD","MLN_PKM","A","1974",61341,
"TUR","PASSTRANSP","ROAD","MLN_PKM","A","1975",68395,
"TUR","PASSTRANSP","ROAD","MLN_PKM","A","1976",74100,
"TUR","PASSTRANSP","ROAD","MLN_PKM","A","1977",85678,
"TUR","PASSTRANSP","ROAD","MLN_PKM","A","1978",88560,
"TUR","PASSTRANSP","ROAD","MLN_PKM","A","1979",75770,
"TUR","PASSTRANSP","ROAD","MLN_PKM","A","1980",73127,
"TUR","PASSTRANSP","ROAD","MLN_PKM","A","1981",76491,
"TUR","PASSTRANSP","ROAD","MLN_PKM","A","1982",80010,
"TUR","PASSTRANSP","ROAD","MLN_PKM","A","1983",83690,
"TUR","PASSTRANSP","ROAD","MLN_PKM","A","1984",87539,
"TUR","PASSTRANSP","ROAD","MLN_PKM","A","1985",91566,
"TUR","PASSTRANSP","ROAD","MLN_PKM","A","1986",93587,
"TUR","PASSTRANSP","ROAD","MLN_PKM","A","1987",112034,
"TUR","PASSTRANSP","ROAD","MLN_PKM","A","1988",128202,
"TUR","PASSTRANSP","ROAD","MLN_PKM","A","1989",133833,
"TUR","PASSTRANSP","ROAD","MLN_PKM","A","1990",134991,
"TUR","PASSTRANSP","ROAD","MLN_PKM","A","1991",131029,
"TUR","PASSTRANSP","ROAD","MLN_PKM","A","1992",142173,
"TUR","PASSTRANSP","ROAD","MLN_PKM","A","1993",146029,
"TUR","PASSTRANSP","ROAD","MLN_PKM","A","1994",140743,
"TUR","PASSTRANSP","ROAD","MLN_PKM","A","1995",155202,
"TUR","PASSTRANSP","ROAD","MLN_PKM","A","1996",167871,
"TUR","PASSTRANSP","ROAD","MLN_PKM","A","1997",180967,
"TUR","PASSTRANSP","ROAD","MLN_PKM","A","1998",186159,
"TUR","PASSTRANSP","ROAD","MLN_PKM","A","1999",175236,
"TUR","PASSTRANSP","ROAD","MLN_PKM","A","2000",185681,
"TUR","PASSTRANSP","ROAD","MLN_PKM","A","2001",168211,
"TUR","PASSTRANSP","ROAD","MLN_PKM","A","2002",163327,
"TUR","PASSTRANSP","ROAD","MLN_PKM","A","2003",164304,
"TUR","PASSTRANSP","ROAD","MLN_PKM","A","2004",174311,
"TUR","PASSTRANSP","ROAD","MLN_PKM","A","2005",182137,
"TUR","PASSTRANSP","ROAD","MLN_PKM","A","2006",187594,
"TUR","PASSTRANSP","ROAD","MLN_PKM","A","2007",209001,
"TUR","PASSTRANSP","ROAD","MLN_PKM","A","2008",206098,
"TUR","PASSTRANSP","ROAD","MLN_PKM","A","2009",212464,
"TUR","PASSTRANSP","ROAD","MLN_PKM","A","2010",226913,
"TUR","PASSTRANSP","ROAD","MLN_PKM","A","2011",242265,
"TUR","PASSTRANSP","ROAD","MLN_PKM","A","2012",258873,
"TUR","PASSTRANSP","ROAD","MLN_PKM","A","2013",268178,
"TUR","PASSTRANSP","ROAD","MLN_PKM","A","2014",276073,
"TUR","PASSTRANSP","ROAD","MLN_PKM","A","2015",290734,
"TUR","PASSTRANSP","ROAD","MLN_PKM","A","2016",300853,
"TUR","PASSTRANSP","ROAD","MLN_PKM","A","2017",314734,
"TUR","PASSTRANSP","ROAD","MLN_PKM","A","2018",329363,
"TUR","PASSTRANSP","ROAD","MLN_PKM","A","2019",339601,
"TUR","PASSTRANSP","ROAD","MLN_PKM","A","2020",288992,
"TUR","PASSTRANSP","ROAD","MLN_PKM","A","2021",336188,
"TUR","PASSTRANSP","ROAD","MLN_PKM","A","2022",348489,
"GBR","PASSTRANSP","ROAD","MLN_PKM","A","1970",357000,
"GBR","PASSTRANSP","ROAD","MLN_PKM","A","1971",373000,
"GBR","PASSTRANSP","ROAD","MLN_PKM","A","1972",387000,
"GBR","PASSTRANSP","ROAD","MLN_PKM","A","1973",406000,
"GBR","PASSTRANSP","ROAD","MLN_PKM","A","1974",394000,
"GBR","PASSTRANSP","ROAD","MLN_PKM","A","1975",391000,
"GBR","PASSTRANSP","ROAD","MLN_PKM","A","1976",406000,
"GBR","PASSTRANSP","ROAD","MLN_PKM","A","1977",412000,
"GBR","PASSTRANSP","ROAD","MLN_PKM","A","1978",424000,
"GBR","PASSTRANSP","ROAD","MLN_PKM","A","1979",421000,
"GBR","PASSTRANSP","ROAD","MLN_PKM","A","1980",440000,
"GBR","PASSTRANSP","ROAD","MLN_PKM","A","1981",442000,
"GBR","PASSTRANSP","ROAD","MLN_PKM","A","1982",454000,
"GBR","PASSTRANSP","ROAD","MLN_PKM","A","1983",459000,
"GBR","PASSTRANSP","ROAD","MLN_PKM","A","1984",480000,
"GBR","PASSTRANSP","ROAD","MLN_PKM","A","1985",489800,
"GBR","PASSTRANSP","ROAD","MLN_PKM","A","1986",511747.1848631,
"GBR","PASSTRANSP","ROAD","MLN_PKM","A","1987",546996.10913126,
"GBR","PASSTRANSP","ROAD","MLN_PKM","A","1988",582843.23439942,
"GBR","PASSTRANSP","ROAD","MLN_PKM","A","1989",628139.25366758,
"GBR","PASSTRANSP","ROAD","MLN_PKM","A","1990",633608.01223156,
"GBR","PASSTRANSP","ROAD","MLN_PKM","A","1991",625910.51112987,
"GBR","PASSTRANSP","ROAD","MLN_PKM","A","1992",625544.47423106,
"GBR","PASSTRANSP","ROAD","MLN_PKM","A","1993",650900,
"GBR","PASSTRANSP","ROAD","MLN_PKM","A","1994",657700,
"GBR","PASSTRANSP","ROAD","MLN_PKM","A","1995",661200,
"GBR","PASSTRANSP","ROAD","MLN_PKM","A","1996",665465.47196005,
"GBR","PASSTRANSP","ROAD","MLN_PKM","A","1997",676368.44245462,
"GBR","PASSTRANSP","ROAD","MLN_PKM","A","1998",680577.52258647,
"GBR","PASSTRANSP","ROAD","MLN_PKM","A","1999",688286.68197619,
"GBR","PASSTRANSP","ROAD","MLN_PKM","A","2000",685066.07249072,
"GBR","PASSTRANSP","ROAD","MLN_PKM","A","2001",697936.19970162,
"GBR","PASSTRANSP","ROAD","MLN_PKM","A","2002",719619.46918281,
"GBR","PASSTRANSP","ROAD","MLN_PKM","A","2003",714356.3389006,
"GBR","PASSTRANSP","ROAD","MLN_PKM","A","2004",713486.0591129,
"GBR","PASSTRANSP","ROAD","MLN_PKM","A","2005",709177.57015752,
"GBR","PASSTRANSP","ROAD","MLN_PKM","A","2006",712903.50235211,
"GBR","PASSTRANSP","ROAD","MLN_PKM","A","2007",713789.54196507,
"GBR","PASSTRANSP","ROAD","MLN_PKM","A","2008",709810.86816986,
"GBR","PASSTRANSP","ROAD","MLN_PKM","A","2009",706186.33837958,
"GBR","PASSTRANSP","ROAD","MLN_PKM","A","2010",695784.25264386,
"GBR","PASSTRANSP","ROAD","MLN_PKM","A","2011",696289.43270727,
"GBR","PASSTRANSP","ROAD","MLN_PKM","A","2012",703197.07816655,
"GBR","PASSTRANSP","ROAD","MLN_PKM","A","2013",699483.59240021,
"GBR","PASSTRANSP","ROAD","MLN_PKM","A","2014",716223.75300308,
"GBR","PASSTRANSP","ROAD","MLN_PKM","A","2015",721385.25792135,
"GBR","PASSTRANSP","ROAD","MLN_PKM","A","2016",731444.60818152,
"GBR","PASSTRANSP","ROAD","MLN_PKM","A","2017",745354.78495994,
"GBR","PASSTRANSP","ROAD","MLN_PKM","A","2018",756707.46502046,
"GBR","PASSTRANSP","ROAD","MLN_PKM","A","2019",770193.48051932,
"GBR","PASSTRANSP","ROAD","MLN_PKM","A","2020",518977.61162216,"B"
"GBR","PASSTRANSP","ROAD","MLN_PKM","A","2021",584032.26439114,
"USA","PASSTRANSP","ROAD","MLN_PKM","A","1980",3433433,
"USA","PASSTRANSP","ROAD","MLN_PKM","A","1985",3523732,
"USA","PASSTRANSP","ROAD","MLN_PKM","A","1990",3866913.7887565,
"USA","PASSTRANSP","ROAD","MLN_PKM","A","1991",3737163.7466368,
"USA","PASSTRANSP","ROAD","MLN_PKM","A","1992",3750933.408585,
"USA","PASSTRANSP","ROAD","MLN_PKM","A","1993",3770908.2862426,
"USA","PASSTRANSP","ROAD","MLN_PKM","A","1994",4654373.947712,
"USA","PASSTRANSP","ROAD","MLN_PKM","A","1995",3899425.872128,
"USA","PASSTRANSP","ROAD","MLN_PKM","A","1996",3985064.363392,
"USA","PASSTRANSP","ROAD","MLN_PKM","A","1997",4078278.42336,
"USA","PASSTRANSP","ROAD","MLN_PKM","A","1998",4204228.4848245,
"USA","PASSTRANSP","ROAD","MLN_PKM","A","1999",4277003.0751867,
"USA","PASSTRANSP","ROAD","MLN_PKM","A","2000",4353880.1734075,"B"
"USA","PASSTRANSP","ROAD","MLN_PKM","A","2001",4355727.7447066,
"USA","PASSTRANSP","ROAD","MLN_PKM","A","2002",4450661.1860685,
"USA","PASSTRANSP","ROAD","MLN_PKM","A","2003",4483126.9216195,
"USA","PASSTRANSP","ROAD","MLN_PKM","A","2004",4554468.0092209,
"USA","PASSTRANSP","ROAD","MLN_PKM","A","2005",4582279.7310907,
"USA","PASSTRANSP","ROAD","MLN_PKM","A","2006",4530078.0061315,
"USA","PASSTRANSP","ROAD","MLN_PKM","A","2007",5846311.785088,"B"
"USA","PASSTRANSP","ROAD","MLN_PKM","A","2008",5654260.139904,"B"
"USA","PASSTRANSP","ROAD","MLN_PKM","A","2009",5984971.7574204,
"USA","PASSTRANSP","ROAD","MLN_PKM","A","2010",5989832.9050081,
"USA","PASSTRANSP","ROAD","MLN_PKM","A","2011",6046499.7698876,
"USA","PASSTRANSP","ROAD","MLN_PKM","A","2012",6121615.9125297,
"USA","PASSTRANSP","ROAD","MLN_PKM","A","2013",6162599.1203196,
"USA","PASSTRANSP","ROAD","MLN_PKM","A","2014",6181775.7990311,
"USA","PASSTRANSP","ROAD","MLN_PKM","A","2015",6393041.600864,
"USA","PASSTRANSP","ROAD","MLN_PKM","A","2016",6512055.9800413,
"USA","PASSTRANSP","ROAD","MLN_PKM","A","2017",6558301.1987787,
"USA","PASSTRANSP","ROAD","MLN_PKM","A","2018",6626702.9693477,
"USA","PASSTRANSP","ROAD","MLN_PKM","A","2019",6674065.0818348,
"USA","PASSTRANSP","ROAD","MLN_PKM","A","2020",5703341.495165,
"USA","PASSTRANSP","ROAD","MLN_PKM","A","2021",6171807.385268,
"ALB","PASSTRANSP","ROAD","MLN_PKM","A","1992",3200,
"ALB","PASSTRANSP","ROAD","MLN_PKM","A","1993",4600,"E"
"ALB","PASSTRANSP","ROAD","MLN_PKM","A","1994",4835,"E"
"ALB","PASSTRANSP","ROAD","MLN_PKM","A","1995",4955,"E"
"ALB","PASSTRANSP","ROAD","MLN_PKM","A","1996",5233,"E"
"ALB","PASSTRANSP","ROAD","MLN_PKM","A","1997",3721,"E"
"ALB","PASSTRANSP","ROAD","MLN_PKM","A","1998",4924,"E"
"ALB","PASSTRANSP","ROAD","MLN_PKM","A","1999",5183,"E"
"ALB","PASSTRANSP","ROAD","MLN_PKM","A","2000",5299,"E"
"ALB","PASSTRANSP","ROAD","MLN_PKM","A","2001",5370,"E"
"ALB","PASSTRANSP","ROAD","MLN_PKM","A","2002",6065,"E"
"ALB","PASSTRANSP","ROAD","MLN_PKM","A","2003",6495,"E"
"ALB","PASSTRANSP","ROAD","MLN_PKM","A","2004",6481,"E"
"ALB","PASSTRANSP","ROAD","MLN_PKM","A","2005",6925,"E"
"ALB","PASSTRANSP","ROAD","MLN_PKM","A","2006",7350,"E"
"ALB","PASSTRANSP","ROAD","MLN_PKM","A","2007",7040,"E"
"ALB","PASSTRANSP","ROAD","MLN_PKM","A","2008",6437,"E"
"ALB","PASSTRANSP","ROAD","MLN_PKM","A","2009",7370,"E"
"ALB","PASSTRANSP","ROAD","MLN_PKM","A","2010",7905,"E"
"ALB","PASSTRANSP","ROAD","MLN_PKM","A","2011",7980,"E"
"ALB","PASSTRANSP","ROAD","MLN_PKM","A","2012",7637,"E"
"ALB","PASSTRANSP","ROAD","MLN_PKM","A","2013",8650,"E"
"AZE","PASSTRANSP","ROAD","MLN_PKM","A","1985",7863,
"AZE","PASSTRANSP","ROAD","MLN_PKM","A","1986",8280,
"AZE","PASSTRANSP","ROAD","MLN_PKM","A","1987",8512,
"AZE","PASSTRANSP","ROAD","MLN_PKM","A","1988",8092,
"AZE","PASSTRANSP","ROAD","MLN_PKM","A","1989",7992,
"AZE","PASSTRANSP","ROAD","MLN_PKM","A","1990",7480,
"AZE","PASSTRANSP","ROAD","MLN_PKM","A","1991",7708,
"AZE","PASSTRANSP","ROAD","MLN_PKM","A","1992",6991,
"AZE","PASSTRANSP","ROAD","MLN_PKM","A","1993",6449,
"AZE","PASSTRANSP","ROAD","MLN_PKM","A","1994",5394,
"AZE","PASSTRANSP","ROAD","MLN_PKM","A","1995",4664,
"AZE","PASSTRANSP","ROAD","MLN_PKM","A","1996",5005,
"AZE","PASSTRANSP","ROAD","MLN_PKM","A","1997",6595,
"AZE","PASSTRANSP","ROAD","MLN_PKM","A","1998",8517,
"AZE","PASSTRANSP","ROAD","MLN_PKM","A","1999",8902,
"AZE","PASSTRANSP","ROAD","MLN_PKM","A","2000",9153,
"AZE","PASSTRANSP","ROAD","MLN_PKM","A","2001",9442,
"AZE","PASSTRANSP","ROAD","MLN_PKM","A","2002",9603,
"AZE","PASSTRANSP","ROAD","MLN_PKM","A","2003",9861,
"AZE","PASSTRANSP","ROAD","MLN_PKM","A","2004",10279,
"AZE","PASSTRANSP","ROAD","MLN_PKM","A","2005",10892,
"AZE","PASSTRANSP","ROAD","MLN_PKM","A","2006",11786,
"AZE","PASSTRANSP","ROAD","MLN_PKM","A","2007",12893,
"AZE","PASSTRANSP","ROAD","MLN_PKM","A","2008",14041,
"AZE","PASSTRANSP","ROAD","MLN_PKM","A","2009",15291,
"AZE","PASSTRANSP","ROAD","MLN_PKM","A","2010",16633,
"AZE","PASSTRANSP","ROAD","MLN_PKM","A","2011",18264,
"AZE","PASSTRANSP","ROAD","MLN_PKM","A","2012",20034,
"AZE","PASSTRANSP","ROAD","MLN_PKM","A","2013",21880,
"AZE","PASSTRANSP","ROAD","MLN_PKM","A","2014",22992,
"AZE","PASSTRANSP","ROAD","MLN_PKM","A","2015",23825,
"AZE","PASSTRANSP","ROAD","MLN_PKM","A","2016",24429,
"AZE","PASSTRANSP","ROAD","MLN_PKM","A","2017",24886,
"AZE","PASSTRANSP","ROAD","MLN_PKM","A","2018",25276,
"AZE","PASSTRANSP","ROAD","MLN_PKM","A","2019",25950,
"AZE","PASSTRANSP","ROAD","MLN_PKM","A","2020",16974,
"AZE","PASSTRANSP","ROAD","MLN_PKM","A","2021",16892,
"AZE","PASSTRANSP","ROAD","MLN_PKM","A","2022",21119,
"BGR","PASSTRANSP","ROAD","MLN_PKM","A","1970",12235,
"BGR","PASSTRANSP","ROAD","MLN_PKM","A","1971",16107,
"BGR","PASSTRANSP","ROAD","MLN_PKM","A","1972",17792,
"BGR","PASSTRANSP","ROAD","MLN_PKM","A","1973",19542,
"BGR","PASSTRANSP","ROAD","MLN_PKM","A","1974",21789,
"BGR","PASSTRANSP","ROAD","MLN_PKM","A","1975",23312,
"BGR","PASSTRANSP","ROAD","MLN_PKM","A","1976",24157,
"BGR","PASSTRANSP","ROAD","MLN_PKM","A","1977",24139,
"BGR","PASSTRANSP","ROAD","MLN_PKM","A","1978",24215,
"BGR","PASSTRANSP","ROAD","MLN_PKM","A","1979",24892,
"BGR","PASSTRANSP","ROAD","MLN_PKM","A","1980",25345,
"BGR","PASSTRANSP","ROAD","MLN_PKM","A","1981",26828,
"BGR","PASSTRANSP","ROAD","MLN_PKM","A","1982",27419,
"BGR","PASSTRANSP","ROAD","MLN_PKM","A","1983",28328,
"BGR","PASSTRANSP","ROAD","MLN_PKM","A","1984",29129,
"BGR","PASSTRANSP","ROAD","MLN_PKM","A","1985",29453,
"BGR","PASSTRANSP","ROAD","MLN_PKM","A","1986",30133,
"BGR","PASSTRANSP","ROAD","MLN_PKM","A","1987",32434,
"BGR","PASSTRANSP","ROAD","MLN_PKM","A","1988",32249,
"BGR","PASSTRANSP","ROAD","MLN_PKM","A","1989",31653,
"BGR","PASSTRANSP","ROAD","MLN_PKM","A","1990",30430,
"BGR","PASSTRANSP","ROAD","MLN_PKM","A","1991",22198,
"BGR","PASSTRANSP","ROAD","MLN_PKM","A","1992",19807,
"BGR","PASSTRANSP","ROAD","MLN_PKM","A","1993",17022,
"BGR","PASSTRANSP","ROAD","MLN_PKM","A","1994",15587,
"GEO","PASSTRANSP","ROAD","MLN_PKM","A","1976",5041,
"GEO","PASSTRANSP","ROAD","MLN_PKM","A","1977",5264,
"GEO","PASSTRANSP","ROAD","MLN_PKM","A","1978",5452,
"GEO","PASSTRANSP","ROAD","MLN_PKM","A","1979",5734,
"GEO","PASSTRANSP","ROAD","MLN_PKM","A","1980",6134,
"GEO","PASSTRANSP","ROAD","MLN_PKM","A","1981",6419,
"GEO","PASSTRANSP","ROAD","MLN_PKM","A","1982",6852,
"GEO","PASSTRANSP","ROAD","MLN_PKM","A","1983",7155,
"GEO","PASSTRANSP","ROAD","MLN_PKM","A","1984",7570,
"GEO","PASSTRANSP","ROAD","MLN_PKM","A","1985",8169,
"GEO","PASSTRANSP","ROAD","MLN_PKM","A","1986",8505,
"GEO","PASSTRANSP","ROAD","MLN_PKM","A","1987",9031,
"GEO","PASSTRANSP","ROAD","MLN_PKM","A","1988",9150,
"GEO","PASSTRANSP","ROAD","MLN_PKM","A","1989",8545,
"GEO","PASSTRANSP","ROAD","MLN_PKM","A","1990",8335,
"GEO","PASSTRANSP","ROAD","MLN_PKM","A","1991",7110,
"GEO","PASSTRANSP","ROAD","MLN_PKM","A","1992",2147,
"GEO","PASSTRANSP","ROAD","MLN_PKM","A","1993",954,
"GEO","PASSTRANSP","ROAD","MLN_PKM","A","1994",1135,
"GEO","PASSTRANSP","ROAD","MLN_PKM","A","1995",1607,
"GEO","PASSTRANSP","ROAD","MLN_PKM","A","1996",1615,
"GEO","PASSTRANSP","ROAD","MLN_PKM","A","1997",3400,
"GEO","PASSTRANSP","ROAD","MLN_PKM","A","1998",3910,
"GEO","PASSTRANSP","ROAD","MLN_PKM","A","1999",4310,
"GEO","PASSTRANSP","ROAD","MLN_PKM","A","2000",4510,
"GEO","PASSTRANSP","ROAD","MLN_PKM","A","2001",4764,
"GEO","PASSTRANSP","ROAD","MLN_PKM","A","2002",4920,
"GEO","PASSTRANSP","ROAD","MLN_PKM","A","2003",5150,
"GEO","PASSTRANSP","ROAD","MLN_PKM","A","2004",5200,
"GEO","PASSTRANSP","ROAD","MLN_PKM","A","2005",5252,
"GEO","PASSTRANSP","ROAD","MLN_PKM","A","2006",5269,
"GEO","PASSTRANSP","ROAD","MLN_PKM","A","2007",5416,
"GEO","PASSTRANSP","ROAD","MLN_PKM","A","2008",5568,
"GEO","PASSTRANSP","ROAD","MLN_PKM","A","2009",5724,
"GEO","PASSTRANSP","ROAD","MLN_PKM","A","2010",5885,
"GEO","PASSTRANSP","ROAD","MLN_PKM","A","2011",6049,
"GEO","PASSTRANSP","ROAD","MLN_PKM","A","2012",6219,
"GEO","PASSTRANSP","ROAD","MLN_PKM","A","2013",6393,
"GEO","PASSTRANSP","ROAD","MLN_PKM","A","2014",6572,
"GEO","PASSTRANSP","ROAD","MLN_PKM","A","2015",6756,
"GEO","PASSTRANSP","ROAD","MLN_PKM","A","2016",6945.2,
"GEO","PASSTRANSP","ROAD","MLN_PKM","A","2017",7139.7,
"GEO","PASSTRANSP","ROAD","MLN_PKM","A","2018",7339.6,
"GEO","PASSTRANSP","ROAD","MLN_PKM","A","2019",7545.1,
"GEO","PASSTRANSP","ROAD","MLN_PKM","A","2020",5855.8,
"GEO","PASSTRANSP","ROAD","MLN_PKM","A","2021",5211.6,
"GEO","PASSTRANSP","ROAD","MLN_PKM","A","2022",7551.2,
"IND","PASSTRANSP","ROAD","MLN_PKM","A","1990",768000,
"IND","PASSTRANSP","ROAD","MLN_PKM","A","1991",886222,"E"
"IND","PASSTRANSP","ROAD","MLN_PKM","A","1992",1004444,"E"
"IND","PASSTRANSP","ROAD","MLN_PKM","A","1993",1122667,"E"
"IND","PASSTRANSP","ROAD","MLN_PKM","A","1994",1240889,"E"
"IND","PASSTRANSP","ROAD","MLN_PKM","A","1995",1359111,"E"
"IND","PASSTRANSP","ROAD","MLN_PKM","A","1996",1477333,"E"
"IND","PASSTRANSP","ROAD","MLN_PKM","A","1997",1595556,"E"
"IND","PASSTRANSP","ROAD","MLN_PKM","A","1998",1713778,"E"
"IND","PASSTRANSP","ROAD","MLN_PKM","A","1999",1832000,
"IND","PASSTRANSP","ROAD","MLN_PKM","A","2000",2076000,
"IND","PASSTRANSP","ROAD","MLN_PKM","A","2001",2413000,
"IND","PASSTRANSP","ROAD","MLN_PKM","A","2002",2815000,
"IND","PASSTRANSP","ROAD","MLN_PKM","A","2003",3070000,
"IND","PASSTRANSP","ROAD","MLN_PKM","A","2004",3469000,
"IND","PASSTRANSP","ROAD","MLN_PKM","A","2005",4252000,
"IND","PASSTRANSP","ROAD","MLN_PKM","A","2006",4657000,
"IND","PASSTRANSP","ROAD","MLN_PKM","A","2007",5482000,
"IND","PASSTRANSP","ROAD","MLN_PKM","A","2008",6182000,
"IND","PASSTRANSP","ROAD","MLN_PKM","A","2009",7192000,
"IND","PASSTRANSP","ROAD","MLN_PKM","A","2010",8409000,
"IND","PASSTRANSP","ROAD","MLN_PKM","A","2011",9478000,
"IND","PASSTRANSP","ROAD","MLN_PKM","A","2012",10393000,
"IND","PASSTRANSP","ROAD","MLN_PKM","A","2013",11756000,
"IND","PASSTRANSP","ROAD","MLN_PKM","A","2014",13403000,
"IND","PASSTRANSP","ROAD","MLN_PKM","A","2015",15415000,
"IND","PASSTRANSP","ROAD","MLN_PKM","A","2016",17496000,"E"
"IND","PASSTRANSP","ROAD","MLN_PKM","A","2017",19718000,"E"
"LTU","PASSTRANSP","ROAD","MLN_PKM","A","2002",18542,
"LTU","PASSTRANSP","ROAD","MLN_PKM","A","2003",21976,
"LTU","PASSTRANSP","ROAD","MLN_PKM","A","2004",28939,
"LTU","PASSTRANSP","ROAD","MLN_PKM","A","2005",38060,
"LTU","PASSTRANSP","ROAD","MLN_PKM","A","2006",42755,
"LTU","PASSTRANSP","ROAD","MLN_PKM","A","2007",42289,
"LTU","PASSTRANSP","ROAD","MLN_PKM","A","2008",40943,
"LTU","PASSTRANSP","ROAD","MLN_PKM","A","2009",38437,
"LTU","PASSTRANSP","ROAD","MLN_PKM","A","2010",34917,
"LTU","PASSTRANSP","ROAD","MLN_PKM","A","2011",32308,
"LTU","PASSTRANSP","ROAD","MLN_PKM","A","2012",36578,
"LTU","PASSTRANSP","ROAD","MLN_PKM","A","2013",35846,
"LTU","PASSTRANSP","ROAD","MLN_PKM","A","2014",27038,
"LTU","PASSTRANSP","ROAD","MLN_PKM","A","2015",27322,
"LTU","PASSTRANSP","ROAD","MLN_PKM","A","2016",28215,
"LTU","PASSTRANSP","ROAD","MLN_PKM","A","2017",33835,
"LTU","PASSTRANSP","ROAD","MLN_PKM","A","2018",32702,
"MKD","PASSTRANSP","ROAD","MLN_PKM","A","1970",1034,
"MKD","PASSTRANSP","ROAD","MLN_PKM","A","1971",1219,
"MKD","PASSTRANSP","ROAD","MLN_PKM","A","1972",1333,
"MKD","PASSTRANSP","ROAD","MLN_PKM","A","1973",1447,
"MKD","PASSTRANSP","ROAD","MLN_PKM","A","1974",1548,
"MKD","PASSTRANSP","ROAD","MLN_PKM","A","1975",1582,
"MKD","PASSTRANSP","ROAD","MLN_PKM","A","1976",1582,
"MKD","PASSTRANSP","ROAD","MLN_PKM","A","1977",1639,
"MKD","PASSTRANSP","ROAD","MLN_PKM","A","1978",1739,
"MKD","PASSTRANSP","ROAD","MLN_PKM","A","1979",1875,
"MKD","PASSTRANSP","ROAD","MLN_PKM","A","1980",2190,
"MKD","PASSTRANSP","ROAD","MLN_PKM","A","1981",2056,
"MKD","PASSTRANSP","ROAD","MLN_PKM","A","1982",1996,
"MKD","PASSTRANSP","ROAD","MLN_PKM","A","1983",2172,
"MKD","PASSTRANSP","ROAD","MLN_PKM","A","1984",2315,
"MKD","PASSTRANSP","ROAD","MLN_PKM","A","1985",2209,
"MKD","PASSTRANSP","ROAD","MLN_PKM","A","1986",2120,
"MKD","PASSTRANSP","ROAD","MLN_PKM","A","1987",2427,
"MKD","PASSTRANSP","ROAD","MLN_PKM","A","1988",1744,
"MKD","PASSTRANSP","ROAD","MLN_PKM","A","1989",1631,
"MKD","PASSTRANSP","ROAD","MLN_PKM","A","1990",1492,
"MKD","PASSTRANSP","ROAD","MLN_PKM","A","1991",1190,
"MKD","PASSTRANSP","ROAD","MLN_PKM","A","1992",1326,
"MKD","PASSTRANSP","ROAD","MLN_PKM","A","1993",1158,
"MKD","PASSTRANSP","ROAD","MLN_PKM","A","1994",1033,
"MKD","PASSTRANSP","ROAD","MLN_PKM","A","1995",971,
"MKD","PASSTRANSP","ROAD","MLN_PKM","A","1996",888,
"MKD","PASSTRANSP","ROAD","MLN_PKM","A","1997",877,
"MKD","PASSTRANSP","ROAD","MLN_PKM","A","1998",864,
"MKD","PASSTRANSP","ROAD","MLN_PKM","A","1999",889,
"MKD","PASSTRANSP","ROAD","MLN_PKM","A","2000",6519,"E"
"MKD","PASSTRANSP","ROAD","MLN_PKM","A","2001",6337,"E"
"MKD","PASSTRANSP","ROAD","MLN_PKM","A","2002",6591,"E"
"MKD","PASSTRANSP","ROAD","MLN_PKM","A","2003",6784,"E"
"MKD","PASSTRANSP","ROAD","MLN_PKM","A","2004",6022,"E"
"MKD","PASSTRANSP","ROAD","MLN_PKM","A","2005",5722,"E"
"MKD","PASSTRANSP","ROAD","MLN_PKM","A","2006",5387,"E"
"MKD","PASSTRANSP","ROAD","MLN_PKM","A","2007",5518,"E"
"MKD","PASSTRANSP","ROAD","MLN_PKM","A","2008",6000,"E"
"MKD","PASSTRANSP","ROAD","MLN_PKM","A","2009",6009,"E"
"MKD","PASSTRANSP","ROAD","MLN_PKM","A","2010",6667,"E"
"MKD","PASSTRANSP","ROAD","MLN_PKM","A","2011",7530,"E"
"MKD","PASSTRANSP","ROAD","MLN_PKM","A","2012",7110,"E"
"MKD","PASSTRANSP","ROAD","MLN_PKM","A","2013",7944,"E"
"MKD","PASSTRANSP","ROAD","MLN_PKM","A","2014",9243,"E"
"MKD","PASSTRANSP","ROAD","MLN_PKM","A","2015",9263,"E"
"MKD","PASSTRANSP","ROAD","MLN_PKM","A","2016",9261,"E"
"MKD","PASSTRANSP","ROAD","MLN_PKM","A","2017",11499,"E"
"MKD","PASSTRANSP","ROAD","MLN_PKM","A","2018",11698,"E"
"MKD","PASSTRANSP","ROAD","MLN_PKM","A","2019",11731,"E"
"MKD","PASSTRANSP","ROAD","MLN_PKM","A","2020",10352.105778,"E"
"MKD","PASSTRANSP","ROAD","MLN_PKM","A","2021",11441.479629,"E"
"MKD","PASSTRANSP","ROAD","MLN_PKM","A","2022",11948.959531,"E"
"SVN","PASSTRANSP","ROAD","MLN_PKM","A","1990",19828,
"SVN","PASSTRANSP","ROAD","MLN_PKM","A","1991",18160,
"SVN","PASSTRANSP","ROAD","MLN_PKM","A","1992",17556,
"SVN","PASSTRANSP","ROAD","MLN_PKM","A","1993",17873,
"SVN","PASSTRANSP","ROAD","MLN_PKM","A","1994",19231,
"SVN","PASSTRANSP","ROAD","MLN_PKM","A","1995",20451,"B"
"SVN","PASSTRANSP","ROAD","MLN_PKM","A","1996",22095,
"SVN","PASSTRANSP","ROAD","MLN_PKM","A","1997",23389,
"SVN","PASSTRANSP","ROAD","MLN_PKM","A","1998",22856,
"SVN","PASSTRANSP","ROAD","MLN_PKM","A","1999",24212,
"SVN","PASSTRANSP","ROAD","MLN_PKM","A","2000",23827,
"SVN","PASSTRANSP","ROAD","MLN_PKM","A","2001",24194,
"SVN","PASSTRANSP","ROAD","MLN_PKM","A","2002",24626,
"SVN","PASSTRANSP","ROAD","MLN_PKM","A","2003",24777,
"SVN","PASSTRANSP","ROAD","MLN_PKM","A","2004",25260,
"SVN","PASSTRANSP","ROAD","MLN_PKM","A","2005",25571,
"SVN","PASSTRANSP","ROAD","MLN_PKM","A","2006",26139,
"SVN","PASSTRANSP","ROAD","MLN_PKM","A","2007",27590,
"SVN","PASSTRANSP","ROAD","MLN_PKM","A","2008",28024,
"SVN","PASSTRANSP","ROAD","MLN_PKM","A","2009",28971,
"SVN","PASSTRANSP","ROAD","MLN_PKM","A","2010",28819,
"SRB","PASSTRANSP","ROAD","MLN_PKM","A","1970",9859,
"SRB","PASSTRANSP","ROAD","MLN_PKM","A","1971",11486,
"SRB","PASSTRANSP","ROAD","MLN_PKM","A","1972",12697,
"SRB","PASSTRANSP","ROAD","MLN_PKM","A","1973",14893,
"SRB","PASSTRANSP","ROAD","MLN_PKM","A","1974",16575,
"SRB","PASSTRANSP","ROAD","MLN_PKM","A","1975",18349,
"SRB","PASSTRANSP","ROAD","MLN_PKM","A","1976",19819,
"SRB","PASSTRANSP","ROAD","MLN_PKM","A","1977",21015,
"SRB","PASSTRANSP","ROAD","MLN_PKM","A","1978",22227,
"SRB","PASSTRANSP","ROAD","MLN_PKM","A","1979",22811,
"SRB","PASSTRANSP","ROAD","MLN_PKM","A","1980",23511,
"SRB","PASSTRANSP","ROAD","MLN_PKM","A","1981",23991,
"SRB","PASSTRANSP","ROAD","MLN_PKM","A","1982",24464,
"SRB","PASSTRANSP","ROAD","MLN_PKM","A","1983",26020,
"SRB","PASSTRANSP","ROAD","MLN_PKM","A","1984",26597,
"SRB","PASSTRANSP","ROAD","MLN_PKM","A","1985",25041,
"SRB","PASSTRANSP","ROAD","MLN_PKM","A","1986",25471,
"SRB","PASSTRANSP","ROAD","MLN_PKM","A","1987",26569,
"SRB","PASSTRANSP","ROAD","MLN_PKM","A","1988",23946,
"SRB","PASSTRANSP","ROAD","MLN_PKM","A","1989",24936,
"SRB","PASSTRANSP","ROAD","MLN_PKM","A","1990",23264,
"SRB","PASSTRANSP","ROAD","MLN_PKM","A","1991",20985,
"SRB","PASSTRANSP","ROAD","MLN_PKM","A","1992",18547,
"SRB","PASSTRANSP","ROAD","MLN_PKM","A","1993",9991,
"SRB","PASSTRANSP","ROAD","MLN_PKM","A","1994",11881,
"SRB","PASSTRANSP","ROAD","MLN_PKM","A","1995",12896,
"SRB","PASSTRANSP","ROAD","MLN_PKM","A","1996",16697,
"MNE","PASSTRANSP","ROAD","MLN_PKM","A","2001",134,
"MNE","PASSTRANSP","ROAD","MLN_PKM","A","2002",121,
"MNE","PASSTRANSP","ROAD","MLN_PKM","A","2003",99,
"MNE","PASSTRANSP","ROAD","MLN_PKM","A","2004",101,
"MNE","PASSTRANSP","ROAD","MLN_PKM","A","2005",85,
"MNE","PASSTRANSP","ROAD","MLN_PKM","A","2006",115,
"MNE","PASSTRANSP","ROAD","MLN_PKM","A","2007",141,
"MNE","PASSTRANSP","ROAD","MLN_PKM","A","2008",123,
"MNE","PASSTRANSP","ROAD","MLN_PKM","A","2009",102,
"MNE","PASSTRANSP","ROAD","MLN_PKM","A","2010",81,
"MNE","PASSTRANSP","ROAD","MLN_PKM","A","2011",80,
"MNE","PASSTRANSP","ROAD","MLN_PKM","A","2012",111,
"MNE","PASSTRANSP","ROAD","MLN_PKM","A","2013",109,
"MNE","PASSTRANSP","ROAD","MLN_PKM","A","2014",108,
"MNE","PASSTRANSP","ROAD","MLN_PKM","A","2015",110,
"MNE","PASSTRANSP","ROAD","MLN_PKM","A","2016",114,
"MNE","PASSTRANSP","ROAD","MLN_PKM","A","2017",114,
"HRV","PASSTRANSP","ROAD","MLN_PKM","A","2011",28387,
"HRV","PASSTRANSP","ROAD","MLN_PKM","A","2012",29396,
"HRV","PASSTRANSP","ROAD","MLN_PKM","A","2013",29652,
"HRV","PASSTRANSP","ROAD","MLN_PKM","A","2014",29705,
"HRV","PASSTRANSP","ROAD","MLN_PKM","A","2015",29770,
"HRV","PASSTRANSP","ROAD","MLN_PKM","A","2016",29983,
"HRV","PASSTRANSP","ROAD","MLN_PKM","A","2017",30339,
"HRV","PASSTRANSP","ROAD","MLN_PKM","A","2018",29437,
"HRV","PASSTRANSP","ROAD","MLN_PKM","A","2019",29394,
"HRV","PASSTRANSP","ROAD","MLN_PKM","A","2020",22291,
"HRV","PASSTRANSP","ROAD","MLN_PKM","A","2021",25529,
"HRV","PASSTRANSP","ROAD","MLN_PKM","A","2022",27045,
"NZL","PASSTRANSP","ROAD","MLN_PKM","A","1990",31427.82,"B"
"NZL","PASSTRANSP","ROAD","MLN_PKM","A","1998",42976.11,
"NZL","PASSTRANSP","ROAD","MLN_PKM","A","2005",48622.88,
"NZL","PASSTRANSP","ROAD","MLN_PKM","A","2006",48507.64,
"NZL","PASSTRANSP","ROAD","MLN_PKM","A","2007",48367.23,
"NZL","PASSTRANSP","ROAD","MLN_PKM","A","2008",48817.44,
"NZL","PASSTRANSP","ROAD","MLN_PKM","A","2009",48028.54,
"NZL","PASSTRANSP","ROAD","MLN_PKM","A","2010",46994.78,
"NZL","PASSTRANSP","ROAD","MLN_PKM","A","2011",47782.34,
"NZL","PASSTRANSP","ROAD","MLN_PKM","A","2012",47903.12,
"NZL","PASSTRANSP","ROAD","MLN_PKM","A","2013",48988.48,
"NZL","PASSTRANSP","ROAD","MLN_PKM","A","2017",47652.988000046,"B"
"NZL","PASSTRANSP","ROAD","MLN_PKM","A","2018",50043.464372811,
"NZL","PASSTRANSP","ROAD","MLN_PKM","A","2019",51118.94428099,
"NZL","PASSTRANSP","ROAD","MLN_PKM","A","2020",54630.008565368,
"NZL","PASSTRANSP","ROAD","MLN_PKM","A","2021",53658,"P"
"BIH","PASSTRANSP","ROAD","MLN_PKM","A","1992",,"B"
"RUS","PASSTRANSP","ROAD","MLN_PKM","A","1991",258642,
"RUS","PASSTRANSP","ROAD","MLN_PKM","A","1992",216064,
"RUS","PASSTRANSP","ROAD","MLN_PKM","A","1993",202328,
"RUS","PASSTRANSP","ROAD","MLN_PKM","A","1994",195213,
"RUS","PASSTRANSP","ROAD","MLN_PKM","A","1995",189246,
"RUS","PASSTRANSP","ROAD","MLN_PKM","A","1996",181865,
"RUS","PASSTRANSP","ROAD","MLN_PKM","A","1997",179715,
"RUS","PASSTRANSP","ROAD","MLN_PKM","A","1998",171912,
"RUS","PASSTRANSP","ROAD","MLN_PKM","A","1999",172113,
"RUS","PASSTRANSP","ROAD","MLN_PKM","A","2000",173596,
"RUS","PASSTRANSP","ROAD","MLN_PKM","A","2001",171916,
"RUS","PASSTRANSP","ROAD","MLN_PKM","A","2002",170435,
"RUS","PASSTRANSP","ROAD","MLN_PKM","A","2003",165795,
"RUS","PASSTRANSP","ROAD","MLN_PKM","A","2004",168462,
"RUS","PASSTRANSP","ROAD","MLN_PKM","A","2005",142007,
"RUS","PASSTRANSP","ROAD","MLN_PKM","A","2006",135711,
"RUS","PASSTRANSP","ROAD","MLN_PKM","A","2007",149674,
"RUS","PASSTRANSP","ROAD","MLN_PKM","A","2008",151897,
"RUS","PASSTRANSP","ROAD","MLN_PKM","A","2009",141300,
"RUS","PASSTRANSP","ROAD","MLN_PKM","A","2010",140628,"B"
"RUS","PASSTRANSP","ROAD","MLN_PKM","A","2011",138567,
"RUS","PASSTRANSP","ROAD","MLN_PKM","A","2012",133306,
"RUS","PASSTRANSP","ROAD","MLN_PKM","A","2013",126379,
"RUS","PASSTRANSP","ROAD","MLN_PKM","A","2014",127353,
"RUS","PASSTRANSP","ROAD","MLN_PKM","A","2015",126622,
"RUS","PASSTRANSP","ROAD","MLN_PKM","A","2016",124427,
"RUS","PASSTRANSP","ROAD","MLN_PKM","A","2017",123442,
"RUS","PASSTRANSP","ROAD","MLN_PKM","A","2018",122539,
"RUS","PASSTRANSP","ROAD","MLN_PKM","A","2019",121942,
"RUS","PASSTRANSP","ROAD","MLN_PKM","A","2020",88220.2,
"MLT","PASSTRANSP","ROAD","MLN_PKM","A","2014",1939.6382437894,"P"
"MLT","PASSTRANSP","ROAD","MLN_PKM","A","2015",1953.8873719776,"P"
"MLT","PASSTRANSP","ROAD","MLN_PKM","A","2016",1968.1365001658,"P"
"MLT","PASSTRANSP","ROAD","MLN_PKM","A","2017",1982.385628354,"P"
"ARG","PASSTRANSP","ROAD","MLN_PKM","A","1994",25901.605117609,
"ARG","PASSTRANSP","ROAD","MLN_PKM","A","1995",22854.82871487,
"ARG","PASSTRANSP","ROAD","MLN_PKM","A","1996",22203.494902637,
"ARG","PASSTRANSP","ROAD","MLN_PKM","A","1997",22777.991988776,
"ARG","PASSTRANSP","ROAD","MLN_PKM","A","1998",24990.064917353,
"ARG","PASSTRANSP","ROAD","MLN_PKM","A","1999",26139.841151435,
"ARG","PASSTRANSP","ROAD","MLN_PKM","A","2000",25464.117582981,
"ARG","PASSTRANSP","ROAD","MLN_PKM","A","2001",25286.633953817,
"ARG","PASSTRANSP","ROAD","MLN_PKM","A","2002",24807.918815452,
"ARG","PASSTRANSP","ROAD","MLN_PKM","A","2003",28189.802854194,
"ARG","PASSTRANSP","ROAD","MLN_PKM","A","2004",30231.20386274,
"ARG","PASSTRANSP","ROAD","MLN_PKM","A","2005",32980.546529808,
"ARG","PASSTRANSP","ROAD","MLN_PKM","A","2006",36054.702001354,
"ARG","PASSTRANSP","ROAD","MLN_PKM","A","2007",36459.644967842,
"ARG","PASSTRANSP","ROAD","MLN_PKM","A","2008",37328.292253227,
"ARG","PASSTRANSP","ROAD","MLN_PKM","A","2009",38027.884634981,
"ARG","PASSTRANSP","ROAD","MLN_PKM","A","2010",43970.071924153,
"ARG","PASSTRANSP","ROAD","MLN_PKM","A","2011",43220.012559096,
"ARG","PASSTRANSP","ROAD","MLN_PKM","A","2012",44054.443650011,
"ARG","PASSTRANSP","ROAD","MLN_PKM","A","2013",42920.528858953,
"ARG","PASSTRANSP","ROAD","MLN_PKM","A","2014",43361.325634848,
"ARG","PASSTRANSP","ROAD","MLN_PKM","A","2015",44538.459082498,
"ARG","PASSTRANSP","ROAD","MLN_PKM","A","2016",46838.665001874,
"ARG","PASSTRANSP","ROAD","MLN_PKM","A","2017",48784.351366258,
"KAZ","PASSTRANSP","ROAD","MLN_PKM","A","2007",104434.5,
"KAZ","PASSTRANSP","ROAD","MLN_PKM","A","2008",107297.8,
"KAZ","PASSTRANSP","ROAD","MLN_PKM","A","2009",110630.6,
"KAZ","PASSTRANSP","ROAD","MLN_PKM","A","2010",126145.2,
"KAZ","PASSTRANSP","ROAD","MLN_PKM","A","2011",163981.7,
"KAZ","PASSTRANSP","ROAD","MLN_PKM","A","2012",183385,
"KAZ","PASSTRANSP","ROAD","MLN_PKM","A","2013",203428.7,
"KAZ","PASSTRANSP","ROAD","MLN_PKM","A","2014",215238.5,
"KAZ","PASSTRANSP","ROAD","MLN_PKM","A","2015",221237.5,
"KAZ","PASSTRANSP","ROAD","MLN_PKM","A","2016",235716,
"KAZ","PASSTRANSP","ROAD","MLN_PKM","A","2017",240485.2,
"KAZ","PASSTRANSP","ROAD","MLN_PKM","A","2018",246812.6,
"KAZ","PASSTRANSP","ROAD","MLN_PKM","A","2019",260580.8,
"KAZ","PASSTRANSP","ROAD","MLN_PKM","A","2020",91298.4,
"UZB","PASSTRANSP","ROAD","MLN_PKM","A","1991",21800,
"UZB","PASSTRANSP","ROAD","MLN_PKM","A","1992",21200,
"UZB","PASSTRANSP","ROAD","MLN_PKM","A","1993",17500,
"UZB","PASSTRANSP","ROAD","MLN_PKM","A","1994",17300,
"UZB","PASSTRANSP","ROAD","MLN_PKM","A","1995",19800,
"UZB","PASSTRANSP","ROAD","MLN_PKM","A","1996",19405.7,
"UZB","PASSTRANSP","ROAD","MLN_PKM","A","1997",20837.8,
"UZB","PASSTRANSP","ROAD","MLN_PKM","A","1998",22025.9,
"UZB","PASSTRANSP","ROAD","MLN_PKM","A","1999",22434.1,
"UZB","PASSTRANSP","ROAD","MLN_PKM","A","2000",23300,
"UZB","PASSTRANSP","ROAD","MLN_PKM","A","2001",24300,
"UZB","PASSTRANSP","ROAD","MLN_PKM","A","2002",25800,
"UZB","PASSTRANSP","ROAD","MLN_PKM","A","2003",29000,
"UZB","PASSTRANSP","ROAD","MLN_PKM","A","2004",32500,
"UZB","PASSTRANSP","ROAD","MLN_PKM","A","2005",38600,
"UZB","PASSTRANSP","ROAD","MLN_PKM","A","2006",42200,
"UZB","PASSTRANSP","ROAD","MLN_PKM","A","2007",48400,
"UZB","PASSTRANSP","ROAD","MLN_PKM","A","2008",55900,
"UZB","PASSTRANSP","ROAD","MLN_PKM","A","2009",62121,
"UZB","PASSTRANSP","ROAD","MLN_PKM","A","2010",74512.091851514,
"UZB","PASSTRANSP","ROAD","MLN_PKM","A","2011",82544.148303156,
"UZB","PASSTRANSP","ROAD","MLN_PKM","A","2012",89326.44744633,
"UZB","PASSTRANSP","ROAD","MLN_PKM","A","2013",95469.328930278,
"UZB","PASSTRANSP","ROAD","MLN_PKM","A","2014",101862.99643145,
"UZB","PASSTRANSP","ROAD","MLN_PKM","A","2015",109112.93652923,
"UZB","PASSTRANSP","ROAD","MLN_PKM","A","2016",114910.2671,
"UZB","PASSTRANSP","ROAD","MLN_PKM","A","2017",117659.567,
"UZB","PASSTRANSP","ROAD","MLN_PKM","A","2018",121599.4893,
"UZB","PASSTRANSP","ROAD","MLN_PKM","A","2019",124141.2,
"UZB","PASSTRANSP","ROAD","MLN_PKM","A","2020",113200,
